data_captura,conjunto,arquivo_origem,registro_hash,ano,day,indice,ratevalue1,ratevalue10,ratevalue11,ratevalue12,ratevalue2,ratevalue3,ratevalue4,ratevalue5,ratevalue6,ratevalue7,ratevalue8,ratevalue9
2026-06-02,b3_indices_precos_historicos,,102df708b75f83e8a6532683,2025,1,IBOV,,"145.517,35",,"158.611,01",,,"131.147,29",,,"139.549,43","132.437,39","141.283,01"
2026-06-02,b3_indices_precos_historicos,,a1345b2f89bd074857ec8bd1,2025,2,IBOV,"120.125,39","143.949,64",,"161.092,25",,,"131.190,34","135.133,88","136.786,65","139.050,93",,"140.335,16"
2026-06-02,b3_indices_precos_historicos,,366abeea8201dc3ed7215828,2025,3,IBOV,"118.532,68","144.200,65","150.454,24","161.755,18","125.970,46",,"131.140,65",,"137.546,26","140.927,86",,"139.863,63"
2026-06-02,b3_indices_precos_historicos,,8ba2588233dac58f86e5717c,2025,4,IBOV,,,"150.704,20","164.455,61","125.147,42",,"127.256,00",,"137.001,58","141.263,56","132.971,20","140.993,25"
2026-06-02,b3_indices_precos_historicos,,e2ec7a71b379a455e4935396,2025,5,IBOV,,,"153.294,44","157.369,36","125.534,07","123.046,85",,"133.491,23","136.236,37",,"133.151,30","142.640,14"
2026-06-02,b3_indices_precos_historicos,,5bacf42386d2c860269d395a,2025,6,IBOV,"120.021,52","143.608,08","153.338,63",,"126.224,74","123.357,55",,"133.515,82","136.102,10",,"134.537,62",
2026-06-02,b3_indices_precos_historicos,,adc46b1afa2a958ead1c3cca,2025,7,IBOV,"121.162,66","141.356,43","154.063,53",,"124.619,40","125.034,63","125.588,09","133.397,52",,"139.489,70","136.527,61",
2026-06-02,b3_indices_precos_historicos,,3c1364436b3b0d8fd278deb5,2025,8,IBOV,"119.624,51","142.145,38",,"158.187,43",,,"123.931,89","136.231,90",,"139.302,85","135.913,25","141.791,58"
2026-06-02,b3_indices_precos_historicos,,940972c381ae6ed2a3f0eabb,2025,9,IBOV,"119.780,56","141.708,19",,"157.981,13",,,"127.795,93","136.511,88","135.699,38","137.480,79",,"141.618,29"
2026-06-02,b3_indices_precos_historicos,,8367864865fb7010e2b162f4,2025,10,IBOV,"118.856,48","140.680,34","155.257,31","159.074,97","125.571,81","124.519,38","126.354,75",,"136.436,07","136.743,26",,"142.348,70"
2026-06-02,b3_indices_precos_historicos,,1018288f230c68fbfc58ec9e,2025,11,IBOV,,,"157.748,60","159.189,10","126.521,66","123.507,35","127.682,40",,"137.128,04","136.187,31","135.623,15","143.150,84"
2026-06-02,b3_indices_precos_historicos,,8e1915d4cf38058aede79366,2025,12,IBOV,,,"157.632,90","160.766,37","124.380,21","123.863,50",,"136.563,18","137.799,74",,"137.913,68","142.271,58"
2026-06-02,b3_indices_precos_historicos,,9dd9a545f1b1f3b1b47ecc35,2025,13,IBOV,"119.006,93","141.783,36","157.162,43",,"124.850,18","125.637,11",,"138.963,11","137.212,63",,"136.687,32",
2026-06-02,b3_indices_precos_historicos,,89af7620f4f36b43051d0db9,2025,14,IBOV,"119.298,67","141.682,99","157.738,69",,"128.218,59","128.957,09","129.453,91","138.422,84",,"135.298,99","136.355,78",
2026-06-02,b3_indices_precos_historicos,,451e7f9893de9cea9960d264,2025,15,IBOV,"122.650,20","142.603,66",,"162.481,74",,,"129.245,39","139.334,38",,"135.250,10","136.340,77","143.546,58"
2026-06-02,b3_indices_precos_historicos,,83061af1d3af9c5e6e534403,2025,16,IBOV,"121.234,14","142.200,02",,"158.577,88",,,"128.316,89","139.187,39","139.255,91","135.510,99",,"144.061,74"
2026-06-02,b3_indices_precos_historicos,,e7e9749ebaf85116eb8179c8,2025,17,IBOV,"122.350,38","143.398,63","156.992,93","157.327,26","128.552,13","130.833,96","129.650,03",,"138.840,02","135.564,74",,"145.593,63"
2026-06-02,b3_indices_precos_historicos,,fb09e9a5a3ab606af116c56f,2025,18,IBOV,,,"156.522,13","157.923,34","128.531,71","131.474,73",,,"138.716,64","133.381,58","137.321,64","145.499,49"
2026-06-02,b3_indices_precos_historicos,,a4700878a8ffaea1701b3ab0,2025,19,IBOV,,,"155.380,66","158.473,02","127.308,80","132.508,45",,"139.636,41",,,"134.432,26","145.865,11"
2026-06-02,b3_indices_precos_historicos,,b968e29b9eb928006bff00d8,2025,20,IBOV,"122.855,15","144.509,32",,,"127.600,58","131.954,90",,"140.109,63","137.115,83",,"134.666,46",
2026-06-02,b3_indices_precos_historicos,,daea9127e57953162f3e3caf,2025,21,IBOV,"123.338,34","144.085,15","154.770,10",,"127.128,06","132.344,88",,"137.881,27",,"134.166,72","134.510,85",
2026-06-02,b3_indices_precos_historicos,,90cd053c176fb8f06494c5a9,2025,22,IBOV,"122.971,77","144.872,79",,"158.141,65",,,"130.464,38","137.272,59",,"134.035,72","137.968,15","145.109,25"
2026-06-02,b3_indices_precos_historicos,,d70f9bcad0e1b66791a822eb,2025,23,IBOV,"122.483,32","145.720,98",,"160.455,83",,,"132.216,07","137.824,29","136.550,50","135.368,27",,"146.424,94"
2026-06-02,b3_indices_precos_historicos,,7df54c6388935bc9b291d55e,2025,24,IBOV,"122.446,94","146.172,21","155.277,56",,"125.401,38","131.321,44","134.580,43",,"137.164,61","133.807,59",,"146.491,75"
2026-06-02,b3_indices_precos_historicos,,1d05f4925eff177bfb2a75bf,2025,25,IBOV,,,"155.910,18",,"125.979,50","132.067,69","134.739,28",,"135.767,29","133.524,18","138.025,17","145.306,23"
2026-06-02,b3_indices_precos_historicos,,7a3a28c6a5509c0fb15d1a5e,2025,26,IBOV,,,"158.554,94","160.896,64","124.768,71","132.519,63",,"138.136,14","137.113,89",,"137.771,39","145.446,66"
2026-06-02,b3_indices_precos_historicos,,0f4979de31431b612cd97654,2025,27,IBOV,"124.861,50","146.969,10","158.359,76",,"124.798,96","133.148,75",,"139.541,23","136.865,79",,"139.205,81",
2026-06-02,b3_indices_precos_historicos,,ed8aff15cc13f67d2e7c36a2,2025,28,IBOV,"124.055,50","147.428,90","159.072,13",,"122.799,09","131.902,18","135.015,89","138.887,81",,"132.129,26","141.049,20",
2026-06-02,b3_indices_precos_historicos,,2f011ef9f87f4db9fb1d1089,2025,29,IBOV,"123.432,12","148.632,93",,"160.490,30",,,"135.092,99","138.533,70",,"132.725,68","141.422,26","146.336,80"
2026-06-02,b3_indices_precos_historicos,,d99bf761ab8ba63b0a93bd4c,2025,30,IBOV,"126.912,78","148.780,22",,"161.125,37",,,"135.066,97","137.026,62","138.854,60","133.989,74",,"146.237,02"
2026-06-02,b3_indices_precos_historicos,,e4035c797087957920344c13,2025,31,IBOV,"126.134,94","149.540,43",,,,"130.259,54",,,,"133.071,05",,
2026-06-02,b3_indices_precos_historicos,,b8b58697cd12716ed2698ea4,2026,1,IBOV,,,,,,,"187.952,91",,"172.197,46",,,
2026-06-02,b3_indices_precos_historicos,,68fc43061ed20e01c1fa24c0,2026,2,IBOV,"160.538,69",,,,"182.793,40","189.307,02","188.052,02",,"174.197,64",,,
2026-06-02,b3_indices_precos_historicos,,77bfd5ef3b6f5c657cc54912,2026,3,IBOV,,,,,"185.674,43","183.104,87",,,,,,
2026-06-02,b3_indices_precos_historicos,,0268f50fa8573aea64274104,2026,4,IBOV,,,,,"181.708,23","185.366,44",,"185.600,12",,,,
2026-06-02,b3_indices_precos_historicos,,bcf50487bf2694eab7107596,2026,5,IBOV,"161.869,76",,,,"182.127,25","180.463,84",,"186.753,82",,,,
2026-06-02,b3_indices_precos_historicos,,b529a968560d6636bd50bdbd,2026,6,IBOV,"163.663,88",,,,"182.949,78","179.364,82","188.161,97","187.690,86",,,,
2026-06-02,b3_indices_precos_historicos,,e7ce515c83130c07ec02d29b,2026,7,IBOV,"161.975,24",,,,,,"188.258,91","183.218,26",,,,
2026-06-02,b3_indices_precos_historicos,,66482e63939d39ddd79323c2,2026,8,IBOV,"162.936,48",,,,,,"192.201,16","184.108,29",,,,
2026-06-02,b3_indices_precos_historicos,,9eb574d769ea8b3c070b871a,2026,9,IBOV,"163.370,31",,,,"186.241,15","180.915,36","195.129,25",,,,,
2026-06-02,b3_indices_precos_historicos,,1ebcab1f5ee7ffbccd30a04e,2026,10,IBOV,,,,,"185.929,33","183.447,00","197.323,87",,,,,
2026-06-02,b3_indices_precos_historicos,,1a9b2e874bed5eb521a79631,2026,11,IBOV,,,,,"189.699,12","183.969,35",,"181.908,87",,,,
2026-06-02,b3_indices_precos_historicos,,d069a49a7976a2c07e49175f,2026,12,IBOV,"163.150,35",,,,"187.766,42","179.284,49",,"180.342,33",,,,
2026-06-02,b3_indices_precos_historicos,,a63bb46e5455ad81471536b9,2026,13,IBOV,"161.973,05",,,,"186.464,30","177.653,31","198.000,71","177.098,29",,,,
2026-06-02,b3_indices_precos_historicos,,a6370164b226eabe1be4995b,2026,14,IBOV,"165.145,98",,,,,,"198.657,33","178.365,86",,,,
2026-06-02,b3_indices_precos_historicos,,7e361baf9a27c450c4cc2e61,2026,15,IBOV,"165.568,32",,,,,,"197.737,61","177.283,83",,,,
2026-06-02,b3_indices_precos_historicos,,1cc44857c62556144dcb8a3c,2026,16,IBOV,"164.799,98",,,,,"179.875,44","196.818,59",,,,,
2026-06-02,b3_indices_precos_historicos,,a01ecd2eb7af167547d6f351,2026,17,IBOV,,,,,,"180.409,73","195.733,51",,,,,
2026-06-02,b3_indices_precos_historicos,,563eee46292d2bdfdf901f84,2026,18,IBOV,,,,,"186.016,31","179.639,91",,"176.975,82",,,,
2026-06-02,b3_indices_precos_historicos,,a8f8eac9f9f9046be7ee4a00,2026,19,IBOV,"164.849,27",,,,"188.534,42","180.270,62",,"174.278,86",,,,
2026-06-02,b3_indices_precos_historicos,,7ba587f7738c4a8a227e701b,2026,20,IBOV,"166.276,90",,,,"190.534,42","176.219,40","196.132,06","177.355,73",,,,
2026-06-02,b3_indices_precos_historicos,,98d9406eb36a74d1f6411a17,2026,21,IBOV,"171.816,67",,,,,,,"177.649,86",,,,
2026-06-02,b3_indices_precos_historicos,,f604f202073ca2064a705f98,2026,22,IBOV,"175.589,35",,,,,,"192.888,96","176.209,61",,,,
2026-06-02,b3_indices_precos_historicos,,a9660e62cdebc89810ca44d2,2026,23,IBOV,"178.858,54",,,,"188.853,49","181.931,93","191.378,43",,,,,
2026-06-02,b3_indices_precos_historicos,,c880ec6042e3f5f3c43bb927,2026,24,IBOV,,,,,"191.490,40","182.509,14","190.745,02",,,,,
2026-06-02,b3_indices_precos_historicos,,0946b28472dbd402dbcbf2fa,2026,25,IBOV,,,,,"191.247,46","185.424,28",,"177.815,72",,,,
2026-06-02,b3_indices_precos_historicos,,43dd9d19713f7d4ea6152904,2026,26,IBOV,"178.720,68",,,,"191.005,02","182.732,67",,"176.589,03",,,,
2026-06-02,b3_indices_precos_historicos,,5991fb37632bc26342247849,2026,27,IBOV,"181.919,13",,,,"188.786,98","181.556,76","189.578,79","175.744,37",,,,
2026-06-02,b3_indices_precos_historicos,,86e911ba2c9ba74af732e045,2026,28,IBOV,"184.691,05",,,,,,"188.618,69","175.063,41",,,,
2026-06-02,b3_indices_precos_historicos,,818c5cf03efb3dfe29e4e2d8,2026,29,IBOV,"183.133,75",,,,,,"184.750,42","173.787,49",,,,
2026-06-02,b3_indices_precos_historicos,,ad7f57dcd70b9b1cb0cf2387,2026,30,IBOV,"181.363,90",,,,,"182.514,20","187.317,64",,,,,
2026-06-02,b3_indices_precos_historicos,,9e87cdfafb0696d6fd4332c8,2026,31,IBOV,,,,,,"187.461,84",,,,,,
2026-06-02,b3_indices_precos_historicos,,15b2e487f8baefa30d980193,2025,1,IBRA,,"5.748,41",,"6.253,73",,,"5.173,45",,,"5.523,14","5.243,43","5.585,06"
2026-06-02,b3_indices_precos_historicos,,7b272656056033aaae7ffeb2,2025,2,IBRA,"4.741,42","5.681,10",,"6.351,37",,,"5.175,95","5.327,70","5.411,29","5.498,56",,"5.547,80"
2026-06-02,b3_indices_precos_historicos,,541e54baaa8519a3220c02dd,2025,3,IBRA,"4.680,63","5.690,63","5.928,25","6.376,89","4.975,56",,"5.175,39",,"5.445,61","5.575,35",,"5.529,71"
2026-06-02,b3_indices_precos_historicos,,bea19301678e5a99b630566a,2025,4,IBRA,,,"5.939,28","6.482,33","4.945,33",,"5.021,87",,"5.422,82","5.588,86","5.263,07","5.576,48"
2026-06-02,b3_indices_precos_historicos,,73a0399154bf9ae6a9dae98a,2025,5,IBRA,,,"6.039,30","6.199,89","4.955,42","4.854,84",,"5.261,54","5.389,97",,"5.272,18","5.640,62"
2026-06-02,b3_indices_precos_historicos,,e12d893597b64e04e71f23bb,2025,6,IBRA,"4.738,92","5.664,69","6.038,70",,"4.982,71","4.868,47",,"5.261,96","5.383,80",,"5.329,04",
2026-06-02,b3_indices_precos_historicos,,1137d3897b9e9bc4938e66f3,2025,7,IBRA,"4.785,68","5.576,11","6.069,39",,"4.919,72","4.935,91","4.953,06","5.258,07",,"5.521,76","5.404,67",
2026-06-02,b3_indices_precos_historicos,,80729215c2759eb4fe1f0754,2025,8,IBRA,"4.725,07","5.604,20",,"6.231,44",,,"4.888,39","5.368,88",,"5.515,20","5.376,30","5.606,85"
2026-06-02,b3_indices_precos_historicos,,9598c04ce8650ff84697156b,2025,9,IBRA,"4.731,92","5.584,99",,"6.222,73",,,"5.037,32","5.382,28","5.367,13","5.443,53",,"5.601,58"
2026-06-02,b3_indices_precos_historicos,,80a9ad5b9020cfad1d234309,2025,10,IBRA,"4.695,25","5.546,90","6.115,08","6.263,94","4.956,80","4.915,87","4.975,97",,"5.397,48","5.412,69",,"5.630,79"
2026-06-02,b3_indices_precos_historicos,,5cfa58505c5bfcedbe09360f,2025,11,IBRA,,,"6.214,40","6.269,38","4.995,78","4.874,54","5.031,54",,"5.424,92","5.389,62","5.364,79","5.662,29"
2026-06-02,b3_indices_precos_historicos,,47649e6653574221582a9e35,2025,12,IBRA,,,"6.206,98","6.330,69","4.911,29","4.889,67",,"5.381,99","5.453,05",,"5.455,50","5.629,47"
2026-06-02,b3_indices_precos_historicos,,c24826487df1630f0f3bef71,2025,13,IBRA,"4.699,48","5.589,24","6.189,29",,"4.930,35","4.955,41",,"5.477,03","5.430,70",,"5.407,17",
2026-06-02,b3_indices_precos_historicos,,1b9bef16e721fd96c81c8acf,2025,14,IBRA,"4.712,66","5.586,23","6.211,72",,"5.066,46","5.086,84","5.100,19","5.457,67",,"5.353,17","5.395,02",
2026-06-02,b3_indices_precos_historicos,,872061e0999102eadfd951aa,2025,15,IBRA,"4.844,56","5.622,87",,"6.396,74",,,"5.094,85","5.495,17",,"5.352,94","5.394,71","5.679,74"
2026-06-02,b3_indices_precos_historicos,,368be009b6b24dc34bd1426f,2025,16,IBRA,"4.787,80","5.607,52",,"6.242,66",,,"5.061,46","5.492,55","5.511,88","5.360,57",,"5.698,18"
2026-06-02,b3_indices_precos_historicos,,229c38c10a9b342b506be32f,2025,17,IBRA,"4.830,05","5.654,53","6.180,70","6.194,58","5.083,32","5.159,22","5.115,19",,"5.497,98","5.365,15",,"5.759,38"
2026-06-02,b3_indices_precos_historicos,,1fe7c485f12363eaf077d36a,2025,18,IBRA,,,"6.161,07","6.218,02","5.082,40","5.182,82",,,"5.491,86","5.276,99","5.433,05","5.754,34"
2026-06-02,b3_indices_precos_historicos,,8b27a6a75e8d70c4ae74c617,2025,19,IBRA,,,"6.115,62","6.239,92","5.034,68","5.224,92",,"5.510,55",,,"5.317,15","5.771,29"
2026-06-02,b3_indices_precos_historicos,,0a84cc848e86d0d587378e54,2025,20,IBRA,"4.849,80","5.698,23",,,"5.047,28","5.202,26",,"5.530,33","5.430,80",,"5.326,46",
2026-06-02,b3_indices_precos_historicos,,dbca1e759d3652b2e8961086,2025,21,IBRA,"4.868,51","5.681,05","6.090,53",,"5.031,54","5.217,94",,"5.441,89",,"5.304,63","5.318,19",
2026-06-02,b3_indices_precos_historicos,,8b62e96b9ed741bbf83610b4,2025,22,IBRA,"4.857,53","5.711,74",,"6.224,97",,,"5.146,48","5.419,20",,"5.297,51","5.454,30","5.739,15"
2026-06-02,b3_indices_precos_historicos,,bec02455cee2ea437fcf54b8,2025,23,IBRA,"4.836,07","5.744,96",,"6.317,21",,,"5.214,09","5.441,91","5.406,77","5.351,84",,"5.791,51"
2026-06-02,b3_indices_precos_historicos,,ae2f93487130c4e044fdc24c,2025,24,IBRA,"4.837,10","5.763,54","6.113,37",,"4.961,75","5.177,20","5.307,98",,"5.433,00","5.291,20",,"5.791,48"
2026-06-02,b3_indices_precos_historicos,,a04d443aca8b1125c6db31a9,2025,25,IBRA,,,"6.139,06",,"4.982,96","5.207,70","5.314,48",,"5.379,46","5.281,61","5.455,68","5.739,43"
2026-06-02,b3_indices_precos_historicos,,7ad2baa65be95fdcab6595ea,2025,26,IBRA,,,"6.244,55","6.334,72","4.932,25","5.223,77",,"5.454,91","5.430,09",,"5.444,39","5.748,34"
2026-06-02,b3_indices_precos_historicos,,145e5f8b09dbb217013f883e,2025,27,IBRA,"4.930,14","5.794,65","6.239,36",,"4.927,92","5.250,11",,"5.513,60","5.418,89",,"5.502,72",
2026-06-02,b3_indices_precos_historicos,,813cc88d2bb9e9399b89893b,2025,28,IBRA,"4.899,59","5.809,30","6.270,85",,"4.851,38","5.201,14","5.324,83","5.488,84",,"5.223,66","5.576,29",
2026-06-02,b3_indices_precos_historicos,,fefef3ae0bcfadd48514e951,2025,29,IBRA,"4.876,31","5.855,78",,"6.319,41",,,"5.325,26","5.478,17",,"5.249,76","5.590,78","5.783,97"
2026-06-02,b3_indices_precos_historicos,,dd2712d1b53d3da01061225d,2025,30,IBRA,"5.014,40","5.862,80",,"6.347,45",,,"5.322,77","5.422,69","5.497,46","5.300,98",,"5.777,77"
2026-06-02,b3_indices_precos_historicos,,f87f6985f3e885aa1a87dd68,2025,31,IBRA,"4.984,08","5.893,53",,,,"5.136,95",,,,"5.265,08",,
2026-06-02,b3_indices_precos_historicos,,810855498ccba320b139f6b8,2026,1,IBRA,,,,,,,"7.393,42",,"6.770,50",,,
2026-06-02,b3_indices_precos_historicos,,e0d02bd23889a2ec6f30b0bd,2026,2,IBRA,"6.322,62",,,,"7.197,47","7.453,09","7.397,46",,"6.848,34",,,
2026-06-02,b3_indices_precos_historicos,,5505c326627d9357483b5282,2026,3,IBRA,,,,,"7.311,08","7.207,81",,,,,,
2026-06-02,b3_indices_precos_historicos,,2621f092f65b0738f3965bae,2026,4,IBRA,,,,,"7.157,75","7.296,69",,"7.291,97",,,,
2026-06-02,b3_indices_precos_historicos,,710eca37a74aef58c4866b20,2026,5,IBRA,"6.375,30",,,,"7.171,33","7.104,08",,"7.333,71",,,,
2026-06-02,b3_indices_precos_historicos,,8450048a23fc4e72cda7a5bf,2026,6,IBRA,"6.449,29",,,,"7.201,57","7.058,57","7.399,54","7.370,43",,,,
2026-06-02,b3_indices_precos_historicos,,a50c67560bc4680f47eca825,2026,7,IBRA,"6.384,79",,,,,,"7.401,88","7.197,95",,,,
2026-06-02,b3_indices_precos_historicos,,d34d707aace79dd7492ccc62,2026,8,IBRA,"6.424,61",,,,,,"7.555,76","7.228,80",,,,
2026-06-02,b3_indices_precos_historicos,,c53bdaabd78bd9614e35d708,2026,9,IBRA,"6.441,56",,,,"7.330,32","7.118,42","7.672,23",,,,,
2026-06-02,b3_indices_precos_historicos,,fec6923e9092fae75d31c2ad,2026,10,IBRA,,,,,"7.321,57","7.218,15","7.755,08",,,,,
2026-06-02,b3_indices_precos_historicos,,c454fdc38bdd82c0508ab16c,2026,11,IBRA,,,,,"7.469,24","7.236,79",,"7.147,87",,,,
2026-06-02,b3_indices_precos_historicos,,9ac3d1df61ff21eaf2e2be91,2026,12,IBRA,"6.432,60",,,,"7.389,66","7.053,42",,"7.086,49",,,,
2026-06-02,b3_indices_precos_historicos,,82085aae223b09ebd40921b9,2026,13,IBRA,"6.385,65",,,,"7.339,89","6.987,49","7.783,93","6.960,11",,,,
2026-06-02,b3_indices_precos_historicos,,b4f0a8782aafdbcfe5b92cbf,2026,14,IBRA,"6.509,20",,,,,,"7.808,39","7.008,54",,,,
2026-06-02,b3_indices_precos_historicos,,9d2404e48b90cbb86a6d5007,2026,15,IBRA,"6.524,19",,,,,,"7.773,69","6.968,23",,,,
2026-06-02,b3_indices_precos_historicos,,5c24e80d908cb5893b13d81d,2026,16,IBRA,"6.491,34",,,,,"7.074,70","7.736,88",,,,,
2026-06-02,b3_indices_precos_historicos,,7ec47329da04435e2e791e20,2026,17,IBRA,,,,,,"7.094,38","7.700,63",,,,,
2026-06-02,b3_indices_precos_historicos,,67fc79e8ad8ece5854f794c7,2026,18,IBRA,,,,,"7.322,83","7.062,77",,"6.956,92",,,,
2026-06-02,b3_indices_precos_historicos,,b81f28789e3ee16043c7e75f,2026,19,IBRA,"6.492,34",,,,"7.421,03","7.087,02",,"6.852,63",,,,
2026-06-02,b3_indices_precos_historicos,,fd6177f43f893fc9a1aac96b,2026,20,IBRA,"6.548,44",,,,"7.501,42","6.929,38","7.716,92","6.969,21",,,,
2026-06-02,b3_indices_precos_historicos,,c69367006194f1fdf49571d4,2026,21,IBRA,"6.765,96",,,,,,,"6.982,24",,,,
2026-06-02,b3_indices_precos_historicos,,7c6fb669b73efe7ed7a4fe0e,2026,22,IBRA,"6.913,98",,,,,,"7.591,05","6.926,81",,,,
2026-06-02,b3_indices_precos_historicos,,ffc8aa4a994dede4a02e2581,2026,23,IBRA,"7.043,71",,,,"7.435,50","7.158,28","7.529,40",,,,,
2026-06-02,b3_indices_precos_historicos,,b7f80182e6be9f5777802bfa,2026,24,IBRA,,,,,"7.538,62","7.175,91","7.503,32",,,,,
2026-06-02,b3_indices_precos_historicos,,1a440b427e2b6d8c5ac85d15,2026,25,IBRA,,,,,"7.530,88","7.290,83",,"6.989,19",,,,
2026-06-02,b3_indices_precos_historicos,,49b89d0ed5f360c26ddcfa96,2026,26,IBRA,"7.039,20",,,,"7.522,97","7.184,95",,"6.942,01",,,,
2026-06-02,b3_indices_precos_historicos,,6555908b5b85f83eb44926d4,2026,27,IBRA,"7.165,10",,,,"7.435,98","7.138,26","7.451,71","6.911,07",,,,
2026-06-02,b3_indices_precos_historicos,,05507baf84ca112b29cc298b,2026,28,IBRA,"7.272,55",,,,,,"7.413,73","6.882,70",,,,
2026-06-02,b3_indices_precos_historicos,,a5632cfe9544acf83fb4017c,2026,29,IBRA,"7.211,58",,,,,,"7.261,57","6.831,29",,,,
2026-06-02,b3_indices_precos_historicos,,661561f4defa119db81f09aa,2026,30,IBRA,"7.142,63",,,,,"7.176,51","7.363,46",,,,,
2026-06-02,b3_indices_precos_historicos,,6d57845ead39012867ba7ec9,2026,31,IBRA,,,,,,"7.373,18",,,,,,
2026-06-02,b3_indices_precos_historicos,,ed4f87a696fdfa196d020d4e,2025,1,IFIX,,"3.572,96",,"3.660,23",,,"3.311,48",,,"3.474,88","3.430,04","3.479,45"
2026-06-02,b3_indices_precos_historicos,,e0bd19e7e487a5baef54dcef,2025,2,IFIX,"3.117,34","3.574,07",,"3.668,28",,,"3.309,45","3.419,46","3.444,94","3.475,21",,"3.472,47"
2026-06-02,b3_indices_precos_historicos,,df35ffcb83eefabdabd54cc1,2025,3,IFIX,"3.116,70","3.584,89","3.591,47","3.667,19","3.001,50",,"3.305,07",,"3.454,18","3.481,84",,"3.485,95"
2026-06-02,b3_indices_precos_historicos,,dda610f1450879ea763863ff,2025,4,IFIX,,,"3.589,53","3.675,93","3.000,00",,"3.279,91",,"3.447,92","3.495,42","3.419,32","3.485,38"
2026-06-02,b3_indices_precos_historicos,,c8901f0d49e0cfbff07b5eef,2025,5,IFIX,,,"3.590,71","3.670,34","2.994,08","3.122,11",,"3.391,75","3.448,11",,"3.408,76","3.500,33"
2026-06-02,b3_indices_precos_historicos,,e2ceb0401352df37a5163975,2025,6,IFIX,"3.118,93","3.582,82","3.592,67",,"2.995,68","3.140,77",,"3.385,58","3.449,38",,"3.404,19",
2026-06-02,b3_indices_precos_historicos,,4f2f9ad5971acb33e86346a2,2025,7,IFIX,"3.114,84","3.575,48","3.596,60",,"3.007,49","3.161,11","3.253,69","3.388,20",,"3.491,69","3.410,26",
2026-06-02,b3_indices_precos_historicos,,b8f7b50092bc2b793a7e7bdb,2025,8,IFIX,"3.085,52","3.577,38",,"3.677,65",,,"3.243,36","3.389,80",,"3.486,43","3.419,78","3.509,36"
2026-06-02,b3_indices_precos_historicos,,ec414e350296691c8cf8e23d,2025,9,IFIX,"3.069,97","3.573,37",,"3.675,58",,,"3.246,53","3.407,91","3.416,25","3.482,59",,"3.505,91"
2026-06-02,b3_indices_precos_historicos,,bb56bc85b6a0f881c0ba05ed,2025,10,IFIX,"3.076,59","3.577,38","3.593,06","3.676,39","3.004,58","3.164,67","3.246,64",,"3.407,79","3.474,99",,"3.514,74"
2026-06-02,b3_indices_precos_historicos,,be4bdcd4230fa6a88fe476ea,2025,11,IFIX,,,"3.592,68","3.678,11","3.004,30","3.174,15","3.257,67",,"3.408,33","3.483,22","3.417,87","3.514,60"
2026-06-02,b3_indices_precos_historicos,,d49ac5fea5a9041cf1b573ea,2025,12,IFIX,,,"3.597,06","3.685,96","3.005,30","3.185,44",,"3.406,81","3.391,47",,"3.411,52","3.534,66"
2026-06-02,b3_indices_precos_historicos,,7cf3370880e1db534feb71ee,2025,13,IFIX,"3.067,79","3.569,96","3.591,08",,"2.997,99","3.188,41",,"3.411,75","3.418,94",,"3.410,62",
2026-06-02,b3_indices_precos_historicos,,e0710071cb65f7a14726f078,2025,14,IFIX,"3.065,32","3.575,46","3.616,72",,"3.018,35","3.212,67","3.280,55","3.406,00",,"3.483,85","3.419,87",
2026-06-02,b3_indices_precos_historicos,,519559e34785a9d8567082fc,2025,15,IFIX,"3.090,78","3.586,06",,"3.690,27",,,"3.292,47","3.422,90",,"3.479,40","3.431,40","3.547,05"
2026-06-02,b3_indices_precos_historicos,,6da9104068d7e4ac3cc7ad79,2025,16,IFIX,"3.084,10","3.578,29",,"3.691,55",,,"3.308,92","3.439,07","3.431,84","3.475,33",,"3.556,90"
2026-06-02,b3_indices_precos_historicos,,3a43a8ce7e8d888fca18a3c3,2025,17,IFIX,"3.041,67","3.577,51","3.616,49","3.686,97","3.044,67","3.220,09","3.333,34",,"3.432,06","3.475,04",,"3.563,31"
2026-06-02,b3_indices_precos_historicos,,839be86e3a07be4757e82974,2025,18,IFIX,,,"3.615,91","3.697,11","3.060,51","3.236,94",,,"3.441,08","3.465,01","3.434,75","3.554,56"
2026-06-02,b3_indices_precos_historicos,,d9430642dabd428d32ee9c9d,2025,19,IFIX,,,"3.619,62","3.707,34","3.060,26","3.255,59",,"3.435,23",,,"3.428,73","3.566,87"
2026-06-02,b3_indices_precos_historicos,,839d17b54435613a4f61c421,2025,20,IFIX,"3.038,88","3.567,66",,,"3.075,41","3.259,03",,"3.437,16","3.436,70",,"3.422,70",
2026-06-02,b3_indices_precos_historicos,,66f59543e093a37d5242f02f,2025,21,IFIX,"3.018,70","3.572,39","3.625,45",,"3.107,14","3.258,64",,"3.436,24",,"3.443,94","3.425,62",
2026-06-02,b3_indices_precos_historicos,,9b8ee397c54b9a1ae9c62661,2025,22,IFIX,"3.010,63","3.567,97",,"3.735,09",,,"3.350,60","3.436,98",,"3.440,95","3.430,09","3.558,20"
2026-06-02,b3_indices_precos_historicos,,f7c71c12e85672ce85faa891,2025,23,IFIX,"2.997,38","3.567,91",,"3.755,15",,,"3.360,22","3.440,31","3.429,82","3.432,71",,"3.563,34"
2026-06-02,b3_indices_precos_historicos,,3aa5adfaad66bbe6820176c8,2025,24,IFIX,"3.000,90","3.578,66","3.626,28",,"3.113,54","3.261,22","3.365,54",,"3.434,16","3.437,58",,"3.564,40"
2026-06-02,b3_indices_precos_historicos,,fffe29bed8ef0ffa36c85dfc,2025,25,IFIX,,,"3.631,23",,"3.118,17","3.265,83","3.391,14",,"3.442,39","3.445,11","3.432,33","3.568,94"
2026-06-02,b3_indices_precos_historicos,,ea2e22062ef1105d6ea16e50,2025,26,IFIX,,,"3.618,12","3.775,56","3.106,26","3.272,50",,"3.436,16","3.449,55",,"3.440,31","3.578,66"
2026-06-02,b3_indices_precos_historicos,,ef36262b4165dd78402e80af,2025,27,IFIX,"2.989,10","3.582,87","3.634,55",,"3.115,51","3.286,00",,"3.438,26","3.462,91",,"3.441,52",
2026-06-02,b3_indices_precos_historicos,,b3ecafe7514a684a093aacaf,2025,28,IFIX,"2.974,55","3.584,47","3.660,41",,"3.121,48","3.301,81","3.394,85","3.442,87",,"3.431,00","3.452,22",
2026-06-02,b3_indices_precos_historicos,,ece43e595905bccb452af52f,2025,29,IFIX,"2.974,65","3.589,68",,"3.772,30",,,"3.401,38","3.446,02",,"3.420,23","3.476,36","3.582,13"
2026-06-02,b3_indices_precos_historicos,,42664b872d96d9511d411981,2025,30,IFIX,"2.996,66","3.585,69",,"3.775,31",,,"3.412,71","3.461,93","3.483,77","3.413,62",,"3.589,44"
2026-06-02,b3_indices_precos_historicos,,4a0282426d2064cad7d72d23,2025,31,IFIX,"3.020,63","3.593,58",,,,"3.313,09",,,,"3.436,38",,
2026-06-02,b3_indices_precos_historicos,,1ee77aa9b434044b6b305b46,2026,1,IFIX,,,,,,,"3.876,65",,"3.860,37",,,
2026-06-02,b3_indices_precos_historicos,,6bfd388e3e00bb4dc784ece0,2026,2,IFIX,"3.778,89",,,,"3.853,10","3.906,06","3.885,55",,"3.860,28",,,
2026-06-02,b3_indices_precos_historicos,,f8012813481e975187cfc0c5,2026,3,IFIX,,,,,"3.856,94","3.883,13",,,,,,
2026-06-02,b3_indices_precos_historicos,,c2d54ac6d0bdc51ce00eb707,2026,4,IFIX,,,,,"3.848,09","3.890,89",,"3.903,53",,,,
2026-06-02,b3_indices_precos_historicos,,33b170b7f25eb35ff659c284,2026,5,IFIX,"3.782,93",,,,"3.847,68","3.886,14",,"3.890,75",,,,
2026-06-02,b3_indices_precos_historicos,,9d4bccf807926273491d43eb,2026,6,IFIX,"3.788,45",,,,"3.847,06","3.896,62","3.886,90","3.913,96",,,,
2026-06-02,b3_indices_precos_historicos,,27a8821e28505f8004791f2a,2026,7,IFIX,"3.781,07",,,,,,"3.880,25","3.909,65",,,,
2026-06-02,b3_indices_precos_historicos,,8f4b43a4d5913887a8b9825d,2026,8,IFIX,"3.782,55",,,,,,"3.890,63","3.922,13",,,,
2026-06-02,b3_indices_precos_historicos,,cfc8d7d284bea12379c6ef9e,2026,9,IFIX,"3.789,46",,,,"3.843,46","3.879,19","3.891,72",,,,,
2026-06-02,b3_indices_precos_historicos,,08e967463949f5025e1353f0,2026,10,IFIX,,,,,"3.833,81","3.876,45","3.910,83",,,,,
2026-06-02,b3_indices_precos_historicos,,c7f5a075c2b4541b4a24b702,2026,11,IFIX,,,,,"3.836,62","3.873,59",,"3.868,63",,,,
2026-06-02,b3_indices_precos_historicos,,a1cbe970d6d3d2b9eab857a9,2026,12,IFIX,"3.788,09",,,,"3.832,93","3.865,94",,"3.865,24",,,,
2026-06-02,b3_indices_precos_historicos,,17c3ffd801959d3816ff0fab,2026,13,IFIX,"3.795,86",,,,"3.852,65","3.879,52","3.903,40","3.834,34",,,,
2026-06-02,b3_indices_precos_historicos,,4d583613f42d04a7e71eff43,2026,14,IFIX,"3.797,88",,,,,,"3.904,60","3.868,16",,,,
2026-06-02,b3_indices_precos_historicos,,f0df6a78078af656d5aa889c,2026,15,IFIX,"3.804,48",,,,,,"3.906,18","3.884,76",,,,
2026-06-02,b3_indices_precos_historicos,,cb03f38944e673e62a9a39af,2026,16,IFIX,"3.809,30",,,,,"3.881,27","3.914,68",,,,,
2026-06-02,b3_indices_precos_historicos,,fc7f95838cb638598e57cef2,2026,17,IFIX,,,,,,"3.875,45","3.931,06",,,,,
2026-06-02,b3_indices_precos_historicos,,433cdaab30ae159130717c8d,2026,18,IFIX,,,,,"3.852,34","3.868,48",,"3.850,19",,,,
2026-06-02,b3_indices_precos_historicos,,47dbdb8ca1a9b330a94f503a,2026,19,IFIX,"3.813,38",,,,"3.854,94","3.864,05",,"3.816,65",,,,
2026-06-02,b3_indices_precos_historicos,,76d1fe9393d564d0fc190f04,2026,20,IFIX,"3.810,80",,,,"3.868,93","3.861,84","3.941,62","3.850,07",,,,
2026-06-02,b3_indices_precos_historicos,,ae142e194e012a0beee52421,2026,21,IFIX,"3.812,31",,,,,,,"3.849,95",,,,
2026-06-02,b3_indices_precos_historicos,,90986fa03b68eccc0f53c53d,2026,22,IFIX,"3.820,20",,,,,,"3.939,93","3.855,09",,,,
2026-06-02,b3_indices_precos_historicos,,d6cdcf7201c4251deeb518a8,2026,23,IFIX,"3.841,53",,,,"3.865,04","3.862,19","3.928,65",,,,,
2026-06-02,b3_indices_precos_historicos,,62e81bb5aa5f0b6875186a84,2026,24,IFIX,,,,,"3.867,63","3.856,45","3.935,55",,,,,
2026-06-02,b3_indices_precos_historicos,,879007214c794e5e962d810d,2026,25,IFIX,,,,,"3.876,96","3.860,19",,"3.863,87",,,,
2026-06-02,b3_indices_precos_historicos,,6c2c0fd8a9ea4193a4aac7e6,2026,26,IFIX,"3.845,91",,,,"3.885,14","3.856,65",,"3.851,02",,,,
2026-06-02,b3_indices_precos_historicos,,6fecb5891325a8beff9e9892,2026,27,IFIX,"3.840,08",,,,"3.911,99","3.868,61","3.924,93","3.853,81",,,,
2026-06-02,b3_indices_precos_historicos,,5e14431c17bac6b14fbaaae8,2026,28,IFIX,"3.848,56",,,,,,"3.924,64","3.861,52",,,,
2026-06-02,b3_indices_precos_historicos,,b60b9bc78e1bd1586bcbd6db,2026,29,IFIX,"3.843,02",,,,,,"3.927,12","3.877,52",,,,
2026-06-02,b3_indices_precos_historicos,,4653bf1864b9261f4717d045,2026,30,IFIX,"3.860,99",,,,,"3.861,25","3.929,91",,,,,
2026-06-02,b3_indices_precos_historicos,,6aa57b18a9469a5f3a9a5552,2026,31,IFIX,,,,,,"3.870,57",,,,,,
2026-06-02,b3_indices_precos_historicos,,b4ae4f84ef5a043aab9e797e,2025,1,IDIV,,"10.517,31",,"11.244,69",,,"9.467,28",,,"10.087,21","9.698,16","10.233,41"
2026-06-02,b3_indices_precos_historicos,,85f5059c3f2724f82d5224cf,2025,2,IDIV,"8.819,70","10.429,52",,"11.383,37",,,"9.434,30","9.697,06","9.850,58","10.081,58",,"10.153,32"
2026-06-02,b3_indices_precos_historicos,,ab9ed8e1d5755f3d3f9eeb08,2025,3,IDIV,"8.668,16","10.443,47","10.810,13","11.397,65","9.150,17",,"9.432,90",,"9.904,01","10.246,25",,"10.116,83"
2026-06-02,b3_indices_precos_historicos,,109186da2c8f73a563a38b63,2025,4,IDIV,,,"10.859,20","11.566,44","9.083,17",,"9.219,86",,"9.834,61","10.249,77","9.709,87","10.215,95"
2026-06-02,b3_indices_precos_historicos,,789f366518cd7b1c432d6265,2025,5,IDIV,,,"10.976,01","11.112,04","9.090,71","8.945,91",,"9.593,64","9.789,54",,"9.711,61","10.310,77"
2026-06-02,b3_indices_precos_historicos,,fe53628ebfafaa5ad57c45ac,2025,6,IDIV,"8.752,94","10.416,72","10.968,48",,"9.147,16","8.998,97",,"9.586,62","9.797,54",,"9.802,59",
2026-06-02,b3_indices_precos_historicos,,5bac17f781de83004575c715,2025,7,IDIV,"8.809,88","10.288,18","10.998,63",,"9.047,06","9.101,65","9.076,93","9.616,07",,"10.141,72","9.891,91",
2026-06-02,b3_indices_precos_historicos,,e59e87b2daede42a68066de8,2025,8,IDIV,"8.692,76","10.296,99",,"11.183,59",,,"8.979,82","9.765,98",,"10.127,04","9.868,38","10.283,86"
2026-06-02,b3_indices_precos_historicos,,ab1cb1efca6f4384b4bd1677,2025,9,IDIV,"8.683,73","10.264,51",,"11.164,28",,,"9.230,31","9.778,57","9.783,29","9.978,57",,"10.297,44"
2026-06-02,b3_indices_precos_historicos,,8beb13a399e71c7bf5083992,2025,10,IDIV,"8.612,95","10.182,96","11.068,96","11.269,97","9.117,68","9.050,29","9.109,31",,"9.824,63","9.970,06",,"10.319,82"
2026-06-02,b3_indices_precos_historicos,,fe2941f3027328afa639c21e,2025,11,IDIV,,,"11.240,81","11.269,96","9.188,33","8.948,10","9.188,25",,"9.862,16","9.937,45","9.852,26","10.342,86"
2026-06-02,b3_indices_precos_historicos,,9c5ab4a00ebdd59af23ba2a2,2025,12,IDIV,,,"11.209,74","11.355,47","9.021,94","8.963,54",,"9.753,25","9.923,93",,"9.982,17","10.315,56"
2026-06-02,b3_indices_precos_historicos,,140425f45366c830e7a42cfc,2025,13,IDIV,"8.616,11","10.265,34","11.195,11",,"9.047,69","9.075,66",,"9.889,88","9.905,80",,"9.891,26",
2026-06-02,b3_indices_precos_historicos,,8824851f2f87bf66d86c1dce,2025,14,IDIV,"8.646,55","10.257,10","11.208,57",,"9.268,06","9.312,47","9.311,38","9.888,33",,"9.881,50","9.885,12",
2026-06-02,b3_indices_precos_historicos,,54bc31674b801550900791aa,2025,15,IDIV,"8.842,98","10.289,45",,"11.468,90",,,"9.293,59","9.984,60",,"9.872,12","9.893,65","10.360,27"
2026-06-02,b3_indices_precos_historicos,,3c887bb1f60517716b868dc6,2025,16,IDIV,"8.731,02","10.271,72",,"11.241,41",,,"9.271,70","9.965,68","10.037,59","9.861,14",,"10.395,26"
2026-06-02,b3_indices_precos_historicos,,07f93b52caab590d762b032b,2025,17,IDIV,"8.816,75","10.330,59","11.190,45","11.188,95","9.268,89","9.417,55","9.324,54",,"10.042,50","9.840,68",,"10.511,30"
2026-06-02,b3_indices_precos_historicos,,a4694186394bea2e82ea8817,2025,18,IDIV,,,"11.137,70","11.219,01","9.295,18","9.480,59",,,"10.015,51","9.717,55","9.964,75","10.479,78"
2026-06-02,b3_indices_precos_historicos,,4b0410b3fdf51b9ab0030245,2025,19,IDIV,,,"11.026,97","11.257,96","9.210,68","9.537,05",,"9.972,21",,,"9.782,60","10.502,24"
2026-06-02,b3_indices_precos_historicos,,68b41a55a8fbcf1107700eee,2025,20,IDIV,"8.865,98","10.428,15",,,"9.176,96","9.513,18",,"10.054,91","9.923,63",,"9.820,21",
2026-06-02,b3_indices_precos_historicos,,9ad36501d6a40a06666fbad0,2025,21,IDIV,"8.895,85","10.362,85","11.003,80",,"9.178,71","9.537,17",,"9.927,21",,"9.797,62","9.790,84",
2026-06-02,b3_indices_precos_historicos,,29296b68b3cee1da2bebd506,2025,22,IDIV,"8.876,26","10.413,59",,"11.238,41",,,"9.377,18","9.862,45",,"9.756,05","10.021,57","10.469,37"
2026-06-02,b3_indices_precos_historicos,,b1aad34ef59f78ece94dc25a,2025,23,IDIV,"8.854,83","10.460,64",,"11.390,58",,,"9.519,98","9.917,87","9.897,51","9.888,38",,"10.576,74"
2026-06-02,b3_indices_precos_historicos,,e6fb04df1bf7950796b88514,2025,24,IDIV,"8.853,39","10.477,79","11.037,89",,"9.105,08","9.493,72","9.658,32",,"9.915,01","9.810,69",,"10.572,85"
2026-06-02,b3_indices_precos_historicos,,200146062c302de69313044c,2025,25,IDIV,,,"11.076,66",,"9.131,61","9.507,99","9.693,53",,"9.818,58","9.800,05","10.036,70","10.462,71"
2026-06-02,b3_indices_precos_historicos,,6ff1bbe39f81cc33542089f1,2025,26,IDIV,,,"11.251,61","11.444,17","9.067,22","9.543,58",,"9.949,66","9.921,35",,"10.042,90","10.492,87"
2026-06-02,b3_indices_precos_historicos,,afd3e5c08d7bb67e8e3d8489,2025,27,IDIV,"9.064,00","10.559,46","11.258,37",,"9.034,08","9.577,51",,"10.048,82","9.895,08",,"10.131,59",
2026-06-02,b3_indices_precos_historicos,,3cf3e02e42b7f26008555cf6,2025,28,IDIV,"9.019,14","10.631,75","11.319,92",,"8.891,33","9.503,34","9.704,59","9.987,26",,"9.694,03","10.245,09",
2026-06-02,b3_indices_precos_historicos,,0314f8e0fab32872a6a243e3,2025,29,IDIV,"8.973,42","10.708,32",,"11.416,81",,,"9.677,18","9.977,49",,"9.740,57","10.271,38","10.541,31"
2026-06-02,b3_indices_precos_historicos,,f1f26aab41256d7c8a42c484,2025,30,IDIV,"9.171,57","10.718,15",,"11.485,30",,,"9.746,28","9.873,61","10.047,47","9.811,80",,"10.561,38"
2026-06-02,b3_indices_precos_historicos,,c55ee246c6a122c14fe68af1,2025,31,IDIV,"9.145,34","10.748,95",,,,"9.382,38",,,,"9.748,87",,
2026-06-02,b3_indices_precos_historicos,,915ef888bab47776f60e61d9,2026,1,IDIV,,,,,,,"13.222,07",,"11.985,08",,,
2026-06-02,b3_indices_precos_historicos,,12f95b192090b6a82d2268ad,2026,2,IDIV,"11.428,75",,,,"12.836,26","13.259,00","13.215,72",,"12.097,73",,,
2026-06-02,b3_indices_precos_historicos,,d2a19235cec96fd39e918649,2026,3,IDIV,,,,,"13.008,99","12.854,77",,,,,,
2026-06-02,b3_indices_precos_historicos,,dea0bb7473f72542b5c01dfa,2026,4,IDIV,,,,,"12.759,41","12.981,18",,"12.921,34",,,,
2026-06-02,b3_indices_precos_historicos,,66872f5053ea6d0d1c4065bf,2026,5,IDIV,"11.498,03",,,,"12.799,12","12.676,84",,"12.938,33",,,,
2026-06-02,b3_indices_precos_historicos,,bba712a4edc25c54066fd889,2026,6,IDIV,"11.559,45",,,,"12.790,07","12.668,38","13.239,10","12.953,79",,,,
2026-06-02,b3_indices_precos_historicos,,7f73f3974058fe3d73086361,2026,7,IDIV,"11.442,30",,,,,,"13.229,94","12.614,78",,,,
2026-06-02,b3_indices_precos_historicos,,c6e007626da3bf5b2966e905,2026,8,IDIV,"11.478,79",,,,,,"13.459,15","12.723,57",,,,
2026-06-02,b3_indices_precos_historicos,,ed0de39fecc1cd83c32e0d98,2026,9,IDIV,"11.522,27",,,,"12.981,64","12.758,41","13.680,90",,,,,
2026-06-02,b3_indices_precos_historicos,,b96dddaf6de7cd570acf8971,2026,10,IDIV,,,,,"12.993,20","12.871,69","13.831,17",,,,,
2026-06-02,b3_indices_precos_historicos,,7002750762a7a9c0da6350a1,2026,11,IDIV,,,,,"13.304,51","12.904,42",,"12.580,69",,,,
2026-06-02,b3_indices_precos_historicos,,f40067af4be127e039976931,2026,12,IDIV,"11.533,23",,,,"13.141,35","12.661,54",,"12.479,73",,,,
2026-06-02,b3_indices_precos_historicos,,8d86de1760caf834e8a5263d,2026,13,IDIV,"11.427,34",,,,"13.001,23","12.578,35","13.894,70","12.268,56",,,,
2026-06-02,b3_indices_precos_historicos,,3a4dda1f6d5b70028b28c198,2026,14,IDIV,"11.602,85",,,,,,"13.913,31","12.375,64",,,,
2026-06-02,b3_indices_precos_historicos,,2ec75857aad3d383e5fc2637,2026,15,IDIV,"11.639,64",,,,,,"13.774,29","12.300,51",,,,
2026-06-02,b3_indices_precos_historicos,,37d45b9ff506fc8ce2a7c94d,2026,16,IDIV,"11.587,35",,,,,"12.719,39","13.751,06",,,,,
2026-06-02,b3_indices_precos_historicos,,9fecd4d1a6a64d817fe16581,2026,17,IDIV,,,,,,"12.752,05","13.702,09",,,,,
2026-06-02,b3_indices_precos_historicos,,d20df0ea4ceff187a282cc08,2026,18,IDIV,,,,,"12.983,58","12.656,46",,"12.274,90",,,,
2026-06-02,b3_indices_precos_historicos,,2ce024293ba2903b672e7f3b,2026,19,IDIV,"11.587,10",,,,"13.145,85","12.705,85",,"12.104,13",,,,
2026-06-02,b3_indices_precos_historicos,,1a5a0f67b9fe5de518821606,2026,20,IDIV,"11.681,86",,,,"13.276,32","12.435,89","13.723,55","12.343,10",,,,
2026-06-02,b3_indices_precos_historicos,,cd26938b2854708f64103ef5,2026,21,IDIV,"12.027,22",,,,,,,"12.333,15",,,,
2026-06-02,b3_indices_precos_historicos,,c66c8588299de30bfda4dd80,2026,22,IDIV,"12.311,28",,,,,,"13.508,60","12.222,83",,,,
2026-06-02,b3_indices_precos_historicos,,ba43d1068356770a22ec3b6a,2026,23,IDIV,"12.539,62",,,,"13.194,89","12.841,08","13.373,42",,,,,
2026-06-02,b3_indices_precos_historicos,,e11eaa31d22d5fb697241aff,2026,24,IDIV,,,,,"13.400,37","12.855,78","13.293,88",,,,,
2026-06-02,b3_indices_precos_historicos,,185282fb49ff2fabb3b8e1e7,2026,25,IDIV,,,,,"13.370,58","13.052,48",,"12.328,08",,,,
2026-06-02,b3_indices_precos_historicos,,6681b12b7d23dac53a676071,2026,26,IDIV,"12.543,73",,,,"13.387,18","12.908,02",,"12.262,77",,,,
2026-06-02,b3_indices_precos_historicos,,1360aacb0fe92967ddc81949,2026,27,IDIV,"12.753,04",,,,"13.253,59","12.877,47","13.155,71","12.232,31",,,,
2026-06-02,b3_indices_precos_historicos,,6ed4e9052fa0d8bfc721238d,2026,28,IDIV,"12.913,53",,,,,,"13.086,66","12.171,19",,,,
2026-06-02,b3_indices_precos_historicos,,bf978515c968fcb4eacc4645,2026,29,IDIV,"12.795,80",,,,,,"12.891,02","12.071,71",,,,
2026-06-02,b3_indices_precos_historicos,,aa0705d3410cbb0dc24825c9,2026,30,IDIV,"12.697,88",,,,,"12.950,61","13.066,99",,,,,
2026-06-02,b3_indices_precos_historicos,,ead0403fdab9ac21fc01b4ba,2026,31,IDIV,,,,,,"13.222,87",,,,,,
2026-06-02,b3_indices_precos_historicos,,f476aa81a51a8944003d16f3,2025,1,SMLL,,"2.243,05",,"2.380,17",,,"1.946,01",,,"2.231,65","2.095,54","2.208,51"
2026-06-02,b3_indices_precos_historicos,,e17a79c30110cab72a81a5bb,2025,2,SMLL,"1.747,77","2.206,86",,"2.418,27",,,"1.954,53","2.084,94","2.203,48","2.187,76",,"2.191,43"
2026-06-02,b3_indices_precos_historicos,,fc41c46e9b45c0e53abcc431,2025,3,SMLL,"1.729,68","2.212,93","2.244,13","2.424,69","1.870,21",,"1.975,69",,"2.253,82","2.222,52",,"2.189,66"
2026-06-02,b3_indices_precos_historicos,,d6b99b50dbc49502b0332a38,2025,4,SMLL,,,"2.255,28","2.462,36","1.863,24",,"1.905,19",,"2.239,52","2.231,87","2.090,75","2.222,01"
2026-06-02,b3_indices_precos_historicos,,3778ebd90b61043ba224a35c,2025,5,SMLL,,,"2.292,48","2.307,25","1.846,12","1.796,54",,"2.060,48","2.224,92",,"2.094,47","2.255,62"
2026-06-02,b3_indices_precos_historicos,,afd821af17c4851c622b7f98,2025,6,SMLL,"1.768,56","2.193,17","2.260,01",,"1.866,55","1.807,54",,"2.053,55","2.202,66",,"2.128,41",
2026-06-02,b3_indices_precos_historicos,,d45796aa2d1ef437e8cb0589,2025,7,SMLL,"1.785,33","2.141,72","2.267,26",,"1.843,79","1.849,07","1.885,93","2.045,15",,"2.218,19","2.143,46",
2026-06-02,b3_indices_precos_historicos,,444bbe8a462205649b4c10a2,2025,8,SMLL,"1.756,12","2.147,20",,"2.313,60",,,"1.861,18","2.106,06",,"2.218,12","2.120,52","2.232,94"
2026-06-02,b3_indices_precos_historicos,,6df56914866a0f0bc2d75e58,2025,9,SMLL,"1.756,69","2.126,47",,"2.301,65",,,"1.919,18","2.088,28","2.198,42","2.189,47",,"2.223,41"
2026-06-02,b3_indices_precos_historicos,,2d278e7d813ca23e766bcba3,2025,10,SMLL,"1.741,92","2.112,25","2.280,99","2.317,48","1.858,78","1.837,03","1.901,06",,"2.223,24","2.178,89",,"2.232,07"
2026-06-02,b3_indices_precos_historicos,,c38a139bf8dfe4fbebbee406,2025,11,SMLL,,,"2.326,70","2.325,46","1.887,14","1.822,71","1.931,66",,"2.223,76","2.153,77","2.106,19","2.255,37"
2026-06-02,b3_indices_precos_historicos,,2a3cf206b14c59205d8255d1,2025,12,SMLL,,,"2.330,53","2.343,84","1.853,28","1.829,64",,"2.088,30","2.225,71",,"2.135,91","2.245,75"
2026-06-02,b3_indices_precos_historicos,,34ac8630f40766b09cb02dd4,2025,13,SMLL,"1.732,83","2.124,47","2.316,51",,"1.860,13","1.844,43",,"2.128,56","2.204,90",,"2.109,44",
2026-06-02,b3_indices_precos_historicos,,040afdeb30b9d6164b566a0e,2025,14,SMLL,"1.743,04","2.122,60","2.328,98",,"1.917,10","1.902,19","1.959,33","2.129,29",,"2.140,04","2.107,95",
2026-06-02,b3_indices_precos_historicos,,99d87d6ce6e66274f12dd059,2025,15,SMLL,"1.805,53","2.152,56",,"2.357,99",,,"1.962,08","2.156,21",,"2.161,94","2.118,45","2.265,64"
2026-06-02,b3_indices_precos_historicos,,8a6815101182039bc748fea2,2025,16,SMLL,"1.765,91","2.130,84",,"2.289,91",,,"1.969,22","2.175,30","2.248,75","2.158,23",,"2.281,42"
2026-06-02,b3_indices_precos_historicos,,b7d3d3e4d0cbadf83b9aba30,2025,17,SMLL,"1.780,75","2.148,35","2.307,63","2.258,11","1.941,89","1.917,49","1.995,19",,"2.234,47","2.160,71",,"2.306,71"
2026-06-02,b3_indices_precos_historicos,,bf53f8ed687d5f316684a128,2025,18,SMLL,,,"2.309,58","2.260,27","1.927,38","1.921,30",,,"2.231,61","2.111,28","2.142,34","2.304,99"
2026-06-02,b3_indices_precos_historicos,,9290ea0afbe739b544faf205,2025,19,SMLL,,,"2.288,15","2.263,93","1.894,83","1.945,86",,"2.182,31",,,"2.090,57","2.300,95"
2026-06-02,b3_indices_precos_historicos,,f4063b46f6d3df608f579324,2025,20,SMLL,"1.787,60","2.169,73",,,"1.897,35","1.935,56",,"2.184,71","2.197,11",,"2.088,48",
2026-06-02,b3_indices_precos_historicos,,c004f9fc46d1473c22a4e648,2025,21,SMLL,"1.800,48","2.172,43","2.273,23",,"1.893,60","1.942,39",,"2.137,79",,"2.107,89","2.076,14",
2026-06-02,b3_indices_precos_historicos,,22f44b3e0904c1d86ac5becc,2025,22,SMLL,"1.813,04","2.172,39",,"2.237,78",,,"2.015,54","2.144,60",,"2.100,68","2.136,25","2.258,57"
2026-06-02,b3_indices_precos_historicos,,be1df016fe6fa0057b1fc60d,2025,23,SMLL,"1.794,89","2.192,70",,"2.283,12",,,"2.035,49","2.154,65","2.189,46","2.133,25",,"2.276,16"
2026-06-02,b3_indices_precos_historicos,,921c9a0048501a12d0afecaf,2025,24,SMLL,"1.799,58","2.208,01","2.292,79",,"1.853,11","1.929,12","2.090,33",,"2.207,10","2.108,06",,"2.271,14"
2026-06-02,b3_indices_precos_historicos,,06e6c158fe44653502f9b26d,2025,25,SMLL,,,"2.308,67",,"1.855,87","1.947,28","2.090,75",,"2.182,82","2.109,33","2.140,67","2.233,99"
2026-06-02,b3_indices_precos_historicos,,420241ceed1c95b6dda87025,2025,26,SMLL,,,"2.358,81","2.295,36","1.826,17","1.959,32",,"2.173,00","2.211,09",,"2.134,36","2.249,58"
2026-06-02,b3_indices_precos_historicos,,0bdf0c72cd80d92fd0411bad,2025,27,SMLL,"1.851,60","2.222,82","2.369,21",,"1.832,54","1.969,58",,"2.221,20","2.200,72",,"2.166,61",
2026-06-02,b3_indices_precos_historicos,,01b72969bd45e46db73e9e2b,2025,28,SMLL,"1.833,81","2.213,65","2.391,11",,"1.799,32","1.950,81","2.084,49","2.223,19",,"2.075,92","2.204,05",
2026-06-02,b3_indices_precos_historicos,,8c7a7824d03c06af0da6c935,2025,29,SMLL,"1.828,77","2.220,43",,"2.285,03",,,"2.080,23","2.216,99",,"2.088,46","2.210,67","2.258,20"
2026-06-02,b3_indices_precos_historicos,,34f4f5969b257c0e886e5fd4,2025,30,SMLL,"1.887,44","2.235,31",,"2.305,52",,,"2.083,21","2.207,05","2.230,11","2.115,36",,"2.245,62"
2026-06-02,b3_indices_precos_historicos,,4dc08f3c291166b310889aa1,2025,31,SMLL,"1.871,74","2.255,19",,,,"1.920,48",,,,"2.088,24",,
2026-06-02,b3_indices_precos_historicos,,f9c9846a26c423d1953b857f,2026,1,SMLL,,,,,,,"2.456,36",,"2.262,83",,,
2026-06-02,b3_indices_precos_historicos,,a9e2eff4fb201627938f2ff1,2026,2,SMLL,"2.283,02",,,,"2.557,61","2.564,92","2.441,71",,"2.285,58",,,
2026-06-02,b3_indices_precos_historicos,,f360dc27400f2b611bdc1aa3,2026,3,SMLL,,,,,"2.587,29","2.465,66",,,,,,
2026-06-02,b3_indices_precos_historicos,,474da5052439c1001b8c2145,2026,4,SMLL,,,,,"2.520,31","2.503,66",,"2.346,30",,,,
2026-06-02,b3_indices_precos_historicos,,87257e30ba4c164fcdf3af40,2026,5,SMLL,"2.304,16",,,,"2.522,89","2.437,36",,"2.377,53",,,,
2026-06-02,b3_indices_precos_historicos,,80a927c38f1180a50132d773,2026,6,SMLL,"2.341,55",,,,"2.534,88","2.416,61","2.429,55","2.427,10",,,,
2026-06-02,b3_indices_precos_historicos,,11a8d9cb1ac19c06031fcace,2026,7,SMLL,"2.318,69",,,,,,"2.412,38","2.409,78",,,,
2026-06-02,b3_indices_precos_historicos,,45f8cdab7be745b227e35ba8,2026,8,SMLL,"2.335,05",,,,,,"2.484,58","2.397,32",,,,
2026-06-02,b3_indices_precos_historicos,,0ea59d5117cd2e259cd0b5f3,2026,9,SMLL,"2.344,98",,,,"2.560,88","2.421,70","2.543,02",,,,,
2026-06-02,b3_indices_precos_historicos,,a03a281dc5da68cc32913c15,2026,10,SMLL,,,,,"2.562,25","2.457,51","2.536,46",,,,,
2026-06-02,b3_indices_precos_historicos,,51117eac0388934aa873e220,2026,11,SMLL,,,,,"2.599,63","2.448,46",,"2.343,65",,,,
2026-06-02,b3_indices_precos_historicos,,c94e32580bb3eecc58ac0cec,2026,12,SMLL,"2.353,77",,,,"2.553,54","2.352,68",,"2.331,60",,,,
2026-06-02,b3_indices_precos_historicos,,193faeb5bb26611692eda9d4,2026,13,SMLL,"2.324,60",,,,"2.551,69","2.313,57","2.538,75","2.262,71",,,,
2026-06-02,b3_indices_precos_historicos,,0c22961d7a07e0a58b53140e,2026,14,SMLL,"2.347,03",,,,,,"2.558,16","2.294,84",,,,
2026-06-02,b3_indices_precos_historicos,,dd26b561602c21ae5137b6f1,2026,15,SMLL,"2.337,76",,,,,,"2.546,80","2.263,80",,,,
2026-06-02,b3_indices_precos_historicos,,3ad82c11dfd8d1420c81b5b2,2026,16,SMLL,"2.310,61",,,,,"2.350,30","2.502,63",,,,,
2026-06-02,b3_indices_precos_historicos,,65c5ecd0bf8b057f9039ef55,2026,17,SMLL,,,,,,"2.351,22","2.525,93",,,,,
2026-06-02,b3_indices_precos_historicos,,00a196d5d511b5e624a5f7b3,2026,18,SMLL,,,,,"2.567,29","2.323,91",,"2.258,63",,,,
2026-06-02,b3_indices_precos_historicos,,2e907d7807a86a5752ee6b47,2026,19,SMLL,"2.307,81",,,,"2.600,92","2.327,70",,"2.216,21",,,,
2026-06-02,b3_indices_precos_historicos,,05930cc4dbcc88498999555c,2026,20,SMLL,"2.319,13",,,,"2.623,55","2.263,95","2.532,48","2.299,00",,,,
2026-06-02,b3_indices_precos_historicos,,a135825cf256febf256de41e,2026,21,SMLL,"2.398,67",,,,,,,"2.297,42",,,,
2026-06-02,b3_indices_precos_historicos,,1e6ff61c71451fcfa9122c27,2026,22,SMLL,"2.452,14",,,,,,"2.490,80","2.275,26",,,,
2026-06-02,b3_indices_precos_historicos,,7c66fbe0c50269d5873008c3,2026,23,SMLL,"2.493,62",,,,"2.598,73","2.386,25","2.450,88",,,,,
2026-06-02,b3_indices_precos_historicos,,364494f2bd404a7cc249b757,2026,24,SMLL,,,,,"2.637,53","2.372,08","2.435,16",,,,,
2026-06-02,b3_indices_precos_historicos,,ab74b4d1f12f0720e3d0af70,2026,25,SMLL,,,,,"2.614,49","2.421,36",,"2.330,98",,,,
2026-06-02,b3_indices_precos_historicos,,ad2e78915f4b060649e64b25,2026,26,SMLL,"2.503,54",,,,"2.629,73","2.372,01",,"2.305,00",,,,
2026-06-02,b3_indices_precos_historicos,,def4bddafb7063ceb6b47091,2026,27,SMLL,"2.558,74",,,,"2.587,23","2.332,07","2.391,01","2.291,85",,,,
2026-06-02,b3_indices_precos_historicos,,4f692a698814c5b265ca5d7e,2026,28,SMLL,"2.594,49",,,,,,"2.372,26","2.292,33",,,,
2026-06-02,b3_indices_precos_historicos,,3b886e4c7e178d0cacd43e35,2026,29,SMLL,"2.549,75",,,,,,"2.327,00","2.274,58",,,,
2026-06-02,b3_indices_precos_historicos,,f45f3c9bc30e185bc6c6d9dd,2026,30,SMLL,"2.539,50",,,,,"2.341,26","2.361,00",,,,,
2026-06-02,b3_indices_precos_historicos,,b65764b4da4a1e65aa1d097e,2026,31,SMLL,,,,,,"2.438,03",,,,,,
