data_captura,dt_captura,Tipo de Rating,Rating,Data da Ação de Rating,Data da ÚltimaRevisão,Identifica­dores Regulatórios,CreditWatch/ Perspectiva,Data do CreditWatch/ Perspectiva,nome,link
2026-06-04,2026-06-04,Escala Nacional Brasil de Longo Prazo,brA,2026-04-20,2026-04-20,--,Negative,2026-04-20,AEGEA Saneamento e Participacoes S.A.,https://brazil.ratings.spglobal.com/ratings/pt/regulatory/org-details/sectorCode/UTIL/entityId/1001151
2026-06-04,2026-06-04,Escala Nacional Brasil de Longo Prazo,brAA+,2024-12-16,2026-05-20,--,Stable,2024-12-16,AZZAS 2154 S.A.,https://brazil.ratings.spglobal.com/ratings/pt/regulatory/org-details/sectorCode/CORP/entityId/1000569
2026-06-04,2026-06-04,Escala Nacional Brasil de Longo Prazo,brAA,2023-05-16,2025-08-18,--,Stable,2023-05-16,Aco Verde do Brasil S.A.,https://brazil.ratings.spglobal.com/ratings/pt/regulatory/org-details/sectorCode/CORP/entityId/1000952
2026-06-04,2026-06-04,Escala Nacional Brasil de Longo Prazo,brA+,2025-08-07,2025-08-18,--,Stable,2025-08-07,Acucareira Quata S.A.,https://brazil.ratings.spglobal.com/ratings/pt/regulatory/org-details/sectorCode/CORP/entityId/1001358
2026-06-04,2026-06-04,Escala Nacional Brasil de Longo Prazo,brA+,2023-04-13,2026-05-29,--,Stable,2023-04-13,Adami S.A. Madeiras,https://brazil.ratings.spglobal.com/ratings/pt/regulatory/org-details/sectorCode/CORP/entityId/1001058
2026-06-04,2026-06-04,Escala Nacional Brasil de Longo Prazo,brAAA,2021-03-16,2025-08-18,--,Stable,2021-03-16,Adyen do Brasil Instituicao de Pagamento Ltda,https://brazil.ratings.spglobal.com/ratings/pt/regulatory/org-details/sectorCode/FI/entityId/1000337
2026-06-04,2026-06-04,Escala Nacional Brasil de Longo Prazo,brA,2021-08-19,2025-08-18,--,Stable,2021-08-19,Agro Industrias do Vale do Sao Francisco S.A.,https://brazil.ratings.spglobal.com/ratings/pt/regulatory/org-details/sectorCode/CORP/entityId/1000749
2026-06-04,2026-06-04,Escala Nacional Brasil de Longo Prazo,brA+,2026-03-26,2026-03-26,--,Watch Neg,2026-03-26,Agroterenas S.A. Administracao e Participacoes,https://brazil.ratings.spglobal.com/ratings/pt/regulatory/org-details/sectorCode/CORP/entityId/1000230
2026-06-04,2026-06-04,Escala Nacional Brasil de Longo Prazo,brA,2026-04-20,2026-04-20,--,Negative,2026-04-20,Aguas Guariroba S.A.,https://brazil.ratings.spglobal.com/ratings/pt/regulatory/org-details/sectorCode/UTIL/entityId/1001438
2026-06-04,2026-06-04,Escala Nacional Brasil de Longo Prazo,brA,2026-04-20,2026-04-20,--,Negative,2026-04-20,Aguas do Rio 1 SPE S.A.,https://brazil.ratings.spglobal.com/ratings/pt/regulatory/org-details/sectorCode/UTIL/entityId/1000314
2026-06-04,2026-06-04,Escala Nacional Brasil de Longo Prazo,brA,2026-04-20,2026-04-20,--,Negative,2026-04-20,Aguas do Rio 4 SPE S.A.,https://brazil.ratings.spglobal.com/ratings/pt/regulatory/org-details/sectorCode/UTIL/entityId/1000804
2026-06-04,2026-06-04,Escala Nacional Brasil de Longo Prazo,brA,2025-03-25,2025-08-18,--,Positive,2025-03-25,Akad Seguros S.A.,https://brazil.ratings.spglobal.com/ratings/pt/regulatory/org-details/sectorCode/INS/entityId/1000192
2026-06-04,2026-06-04,Escala Nacional Brasil de Longo Prazo,brAA+,2018-07-11,2025-08-18,--,Stable,2025-06-10,Alagoas (State of),https://brazil.ratings.spglobal.com/ratings/pt/regulatory/org-details/sectorCode/GOVS/entityId/1001322
2026-06-04,2026-06-04,Escala Nacional Brasil de Longo Prazo,brAA,2025-04-28,2025-08-18,--,Stable,2025-04-28,Algar Telecom S/A,https://brazil.ratings.spglobal.com/ratings/pt/regulatory/org-details/sectorCode/CORP/entityId/1000706
2026-06-04,2026-06-04,Escala Nacional Brasil de Longo Prazo,brAAA,2004-12-17,2025-08-18,--,Stable,2004-12-17,Ambev S.A.,https://brazil.ratings.spglobal.com/ratings/pt/regulatory/org-details/sectorCode/CORP/entityId/1000591
2026-06-04,2026-06-04,Escala Nacional Brasil de Longo Prazo,brAAA,2021-07-07,2025-08-18,--,Stable,2025-04-30,Angelina Colombo Participacoes S.A.,https://brazil.ratings.spglobal.com/ratings/pt/regulatory/org-details/sectorCode/CORP/entityId/1000950
2026-06-04,2026-06-04,Escala Nacional Brasil de Longo Prazo,brAAA,2018-07-11,2025-10-06,--,Stable,2018-07-11,Arteris S.A.,https://brazil.ratings.spglobal.com/ratings/pt/regulatory/org-details/sectorCode/CORP/entityId/1000061
2026-06-04,2026-06-04,Escala Nacional Brasil de Longo Prazo,brAAA,2018-04-16,2026-05-20,--,Stable,2018-04-16,Atacadao S.A.,https://brazil.ratings.spglobal.com/ratings/pt/regulatory/org-details/sectorCode/CORP/entityId/1001009
2026-06-04,2026-06-04,Escala Nacional Brasil de Longo Prazo,brAA+,2026-03-03,2026-03-03,--,Stable,2026-03-03,Aura Minerals Inc.,https://brazil.ratings.spglobal.com/ratings/pt/regulatory/org-details/sectorCode/CORP/entityId/1000481
2026-06-04,2026-06-04,Escala Nacional Brasil de Longo Prazo,brAAA,2018-07-11,2025-08-18,--,Stable,2018-07-11,Austral Resseguradora S.A.,https://brazil.ratings.spglobal.com/ratings/pt/regulatory/org-details/sectorCode/INS/entityId/1000584
2026-06-04,2026-06-04,Escala Nacional Brasil de Longo Prazo,brAAA,2018-07-11,2025-08-18,--,Stable,2018-07-11,Austral Seguradora S.A.,https://brazil.ratings.spglobal.com/ratings/pt/regulatory/org-details/sectorCode/INS/entityId/1000774
2026-06-04,2026-06-04,Escala Nacional Brasil de Longo Prazo,brAAA,2018-07-11,2025-08-18,--,Stable,2018-07-11,Autoban - Concessionaria do Sistema Anhanguera Bandeirantes S.A.,https://brazil.ratings.spglobal.com/ratings/pt/regulatory/org-details/sectorCode/CORP/entityId/1001224
2026-06-04,2026-06-04,Escala Nacional Brasil de Longo Prazo,brAAA,2018-07-11,2025-10-06,--,Stable,2018-07-11,Autopista Fernao Dias S.A.,https://brazil.ratings.spglobal.com/ratings/pt/regulatory/org-details/sectorCode/CORP/entityId/1000910
2026-06-04,2026-06-04,Escala Nacional Brasil de Longo Prazo,brAAA,2026-01-28,2026-01-28,--,Stable,2026-01-28,Autopista Fluminense S.A.,https://brazil.ratings.spglobal.com/ratings/pt/regulatory/org-details/sectorCode/UTIL/entityId/1008321
2026-06-04,2026-06-04,Escala Nacional Brasil de Longo Prazo,brAAA,2021-09-20,2025-10-06,--,Stable,2021-09-20,Autopista Litoral Sul S.A.,https://brazil.ratings.spglobal.com/ratings/pt/regulatory/org-details/sectorCode/CORP/entityId/1000717
2026-06-04,2026-06-04,Escala Nacional Brasil de Longo Prazo,brAAA,2018-07-11,2025-10-06,--,Stable,2018-07-11,Autopista Planalto Sul S.A.,https://brazil.ratings.spglobal.com/ratings/pt/regulatory/org-details/sectorCode/CORP/entityId/1000679
2026-06-04,2026-06-04,Escala Nacional Brasil de Longo Prazo,brAAA,2019-09-24,2025-10-06,--,Stable,2019-09-24,Autopista Regis Bittencourt S.A.,https://brazil.ratings.spglobal.com/ratings/pt/regulatory/org-details/sectorCode/CORP/entityId/1000336
2026-06-04,2026-06-04,Escala Nacional Brasil de Longo Prazo,brBBB-,2026-03-02,2026-03-02,--,Stable,2026-03-02,Azul S.A.,https://brazil.ratings.spglobal.com/ratings/pt/regulatory/org-details/sectorCode/CORP/entityId/1000776
2026-06-04,2026-06-04,Escala Nacional Brasil de Longo Prazo,brAAA,2018-07-11,2025-08-18,--,Stable,2018-07-11,Banco ABC Brasil S.A.,https://brazil.ratings.spglobal.com/ratings/pt/regulatory/org-details/sectorCode/FI/entityId/1000773
2026-06-04,2026-06-04,Escala Nacional Brasil de Curto Prazo,brA-1+,2017-08-16,2025-08-18,--,,,Banco ABC Brasil S.A.,https://brazil.ratings.spglobal.com/ratings/pt/regulatory/org-details/sectorCode/FI/entityId/1000773
2026-06-04,2026-06-04,Escala Nacional Brasil de Longo Prazo,brAA-,2025-11-27,2026-01-15,--,Stable,2025-11-27,Banco Agibank S.A.,https://brazil.ratings.spglobal.com/ratings/pt/regulatory/org-details/sectorCode/FI/entityId/1000349
2026-06-04,2026-06-04,Escala Nacional Brasil de Longo Prazo,brA,2024-05-17,2026-01-15,--,Stable,2024-05-17,Banco BMG S.A.,https://brazil.ratings.spglobal.com/ratings/pt/regulatory/org-details/sectorCode/FI/entityId/1001148
2026-06-04,2026-06-04,Escala Nacional Brasil de Longo Prazo,brAAA,2021-06-09,2026-04-16,--,Stable,2021-06-09,Banco BTG Pactual S.A.,https://brazil.ratings.spglobal.com/ratings/pt/regulatory/org-details/sectorCode/FI/entityId/1000583
2026-06-04,2026-06-04,Escala Nacional Brasil de Curto Prazo,brA-1+,2018-07-11,2026-04-16,--,,,Banco BTG Pactual S.A.,https://brazil.ratings.spglobal.com/ratings/pt/regulatory/org-details/sectorCode/FI/entityId/1000583
2026-06-04,2026-06-04,Escala Nacional Brasil de Longo Prazo,brAAA,2018-07-11,2026-04-16,--,Stable,2018-07-11,Banco Bradesco S.A.,https://brazil.ratings.spglobal.com/ratings/pt/regulatory/org-details/sectorCode/FI/entityId/1001005
2026-06-04,2026-06-04,Escala Nacional Brasil de Curto Prazo,brA-1+,2017-08-16,2026-04-16,--,,,Banco Bradesco S.A.,https://brazil.ratings.spglobal.com/ratings/pt/regulatory/org-details/sectorCode/FI/entityId/1001005
2026-06-04,2026-06-04,Escala Nacional Brasil de Longo Prazo,brAA-,2025-11-05,2026-01-15,--,Stable,2025-11-05,Banco C6 Consignado S.A.,https://brazil.ratings.spglobal.com/ratings/pt/regulatory/org-details/sectorCode/FI/entityId/1005882
2026-06-04,2026-06-04,Escala Nacional Brasil de Longo Prazo,brAA-,2025-09-22,2026-01-15,--,Stable,2025-09-22,Banco C6 S.A.,https://brazil.ratings.spglobal.com/ratings/pt/regulatory/org-details/sectorCode/FI/entityId/1000096
2026-06-04,2026-06-04,Escala Nacional Brasil de Longo Prazo,brAAA,2018-07-11,2026-03-04,--,Stable,2018-07-11,Banco CSF S.A.,https://brazil.ratings.spglobal.com/ratings/pt/regulatory/org-details/sectorCode/FI/entityId/1001246
2026-06-04,2026-06-04,Escala Nacional Brasil de Longo Prazo,brAAA,2018-07-11,2026-04-16,--,Stable,2024-07-30,Banco Cooperativo Sicredi S.A.,https://brazil.ratings.spglobal.com/ratings/pt/regulatory/org-details/sectorCode/FI/entityId/1000911
2026-06-04,2026-06-04,Escala Nacional Brasil de Longo Prazo,brAA+,2018-07-11,2026-01-15,--,Stable,2019-03-18,Banco Daycoval S.A.,https://brazil.ratings.spglobal.com/ratings/pt/regulatory/org-details/sectorCode/FI/entityId/1000161
2026-06-04,2026-06-04,Escala Nacional Brasil de Curto Prazo,brA-1+,2018-07-11,2026-01-15,--,,,Banco Daycoval S.A.,https://brazil.ratings.spglobal.com/ratings/pt/regulatory/org-details/sectorCode/FI/entityId/1000161
2026-06-04,2026-06-04,Escala Nacional Brasil de Longo Prazo,brA-,2025-08-18,2025-08-18,--,Positive,2025-08-18,Banco Fibra S.A.,https://brazil.ratings.spglobal.com/ratings/pt/regulatory/org-details/sectorCode/FI/entityId/1000691
2026-06-04,2026-06-04,Escala Nacional Brasil de Curto Prazo,brA-2,2021-06-08,2025-08-18,--,,,Banco Fibra S.A.,https://brazil.ratings.spglobal.com/ratings/pt/regulatory/org-details/sectorCode/FI/entityId/1000691
2026-06-04,2026-06-04,Escala Nacional Brasil de Longo Prazo,brAAA,2022-04-12,2026-03-04,--,Stable,2022-04-12,Banco HSBC S.A.,https://brazil.ratings.spglobal.com/ratings/pt/regulatory/org-details/sectorCode/FI/entityId/1000434
2026-06-04,2026-06-04,Escala Nacional Brasil de Curto Prazo,brA-1+,2022-04-12,2026-03-04,--,,,Banco HSBC S.A.,https://brazil.ratings.spglobal.com/ratings/pt/regulatory/org-details/sectorCode/FI/entityId/1000434
2026-06-04,2026-06-04,Escala Nacional Brasil de Longo Prazo,brAA+,2021-07-01,2026-01-15,--,Stable,2024-05-20,Banco Inter S.A.,https://brazil.ratings.spglobal.com/ratings/pt/regulatory/org-details/sectorCode/FI/entityId/1000025
2026-06-04,2026-06-04,Escala Nacional Brasil de Longo Prazo,brAAA,2018-07-11,2026-03-04,--,Stable,2018-07-11,Banco J.P. Morgan S.A.,https://brazil.ratings.spglobal.com/ratings/pt/regulatory/org-details/sectorCode/FI/entityId/1000566
2026-06-04,2026-06-04,Escala Nacional Brasil de Curto Prazo,brA-1+,2017-08-16,2026-03-04,--,,,Banco J.P. Morgan S.A.,https://brazil.ratings.spglobal.com/ratings/pt/regulatory/org-details/sectorCode/FI/entityId/1000566
2026-06-04,2026-06-04,Escala Nacional Brasil de Longo Prazo,brAAA,2018-07-11,2026-03-04,--,Stable,2018-07-11,Banco MUFG Brasil S.A.,https://brazil.ratings.spglobal.com/ratings/pt/regulatory/org-details/sectorCode/FI/entityId/1001119
2026-06-04,2026-06-04,Escala Nacional Brasil de Curto Prazo,brA-1+,2017-08-16,2026-03-04,--,,,Banco MUFG Brasil S.A.,https://brazil.ratings.spglobal.com/ratings/pt/regulatory/org-details/sectorCode/FI/entityId/1001119
2026-06-04,2026-06-04,Escala Nacional Brasil de Longo Prazo,brAA-,2024-06-20,2026-01-15,--,Stable,2024-06-20,Banco Mercantil,https://brazil.ratings.spglobal.com/ratings/pt/regulatory/org-details/sectorCode/FI/entityId/1001476
2026-06-04,2026-06-04,Escala Nacional Brasil de Longo Prazo,brAAA,2018-07-11,2026-03-04,--,Stable,2018-07-11,Banco Morgan Stanley S.A.,https://brazil.ratings.spglobal.com/ratings/pt/regulatory/org-details/sectorCode/FI/entityId/1000360
2026-06-04,2026-06-04,Escala Nacional Brasil de Curto Prazo,brA-1+,2017-08-16,2026-03-04,--,,,Banco Morgan Stanley S.A.,https://brazil.ratings.spglobal.com/ratings/pt/regulatory/org-details/sectorCode/FI/entityId/1000360
2026-06-04,2026-06-04,Escala Nacional Brasil de Longo Prazo,brAAA,2018-07-11,2026-04-16,--,Stable,2018-07-11,Banco Nacional de Desenvolvimento Economico e Social,https://brazil.ratings.spglobal.com/ratings/pt/regulatory/org-details/sectorCode/FI/entityId/1000358
2026-06-04,2026-06-04,Escala Nacional Brasil de Longo Prazo,brBBB+,2025-08-18,2025-08-18,--,Positive,2025-08-18,Banco Original S.A.,https://brazil.ratings.spglobal.com/ratings/pt/regulatory/org-details/sectorCode/FI/entityId/1001381
2026-06-04,2026-06-04,Escala Nacional Brasil de Curto Prazo,brA-2,2018-09-25,2025-08-18,--,,,Banco Original S.A.,https://brazil.ratings.spglobal.com/ratings/pt/regulatory/org-details/sectorCode/FI/entityId/1001381
2026-06-04,2026-06-04,Escala Nacional Brasil de Longo Prazo,brAAA,2023-12-12,2025-08-18,--,Stable,2023-12-12,Banco PACCAR S. A.,https://brazil.ratings.spglobal.com/ratings/pt/regulatory/org-details/sectorCode/FI/entityId/1000954
2026-06-04,2026-06-04,Escala Nacional Brasil de Longo Prazo,brBBB-,2026-05-06,2026-05-06,--,Stable,2026-05-06,Banco Paulista S.A.,https://brazil.ratings.spglobal.com/ratings/pt/regulatory/org-details/sectorCode/FI/entityId/1001502
2026-06-04,2026-06-04,Escala Nacional Brasil de Curto Prazo,brA-3,2026-05-06,2026-05-06,--,,,Banco Paulista S.A.,https://brazil.ratings.spglobal.com/ratings/pt/regulatory/org-details/sectorCode/FI/entityId/1001502
2026-06-04,2026-06-04,Escala Nacional Brasil de Longo Prazo,brA+,2025-09-25,2026-01-15,--,Stable,2025-09-25,Banco Pine S.A.,https://brazil.ratings.spglobal.com/ratings/pt/regulatory/org-details/sectorCode/FI/entityId/1000690
2026-06-04,2026-06-04,Escala Nacional Brasil de Longo Prazo,brAAA,2025-08-08,2026-04-16,--,Stable,2025-08-08,Banco Rabobank International Brasil S.A.,https://brazil.ratings.spglobal.com/ratings/pt/regulatory/org-details/sectorCode/FI/entityId/1000119
2026-06-04,2026-06-04,Escala Nacional Brasil de Longo Prazo,brAA+,2024-10-28,2025-10-14,--,Negative,2025-10-14,Banco Randon S.A.,https://brazil.ratings.spglobal.com/ratings/pt/regulatory/org-details/sectorCode/FI/entityId/1001245
2026-06-04,2026-06-04,Escala Nacional Brasil de Longo Prazo,brAAA,2018-07-11,2026-04-16,--,Stable,2018-07-11,Banco Safra S.A.,https://brazil.ratings.spglobal.com/ratings/pt/regulatory/org-details/sectorCode/FI/entityId/1000401
2026-06-04,2026-06-04,Escala Nacional Brasil de Curto Prazo,brA-1+,2017-08-16,2026-04-16,--,,,Banco Safra S.A.,https://brazil.ratings.spglobal.com/ratings/pt/regulatory/org-details/sectorCode/FI/entityId/1000401
2026-06-04,2026-06-04,Escala Nacional Brasil de Longo Prazo,brAAA,2018-07-11,2026-04-16,--,Stable,2018-07-11,Banco Santander (Brasil) S.A.,https://brazil.ratings.spglobal.com/ratings/pt/regulatory/org-details/sectorCode/FI/entityId/1000299
2026-06-04,2026-06-04,Escala Nacional Brasil de Curto Prazo,brA-1+,2017-08-16,2026-04-16,--,,,Banco Santander (Brasil) S.A.,https://brazil.ratings.spglobal.com/ratings/pt/regulatory/org-details/sectorCode/FI/entityId/1000299
2026-06-04,2026-06-04,Escala Nacional Brasil de Longo Prazo,brAA+,2021-12-10,2025-08-18,--,Stable,2021-12-10,Banco Sofisa S.A.,https://brazil.ratings.spglobal.com/ratings/pt/regulatory/org-details/sectorCode/FI/entityId/1001462
2026-06-04,2026-06-04,Escala Nacional Brasil de Longo Prazo,brAAA,2018-07-11,2026-03-04,--,Stable,2018-07-11,Banco Sumitomo Mitsui Brasileiro S.A.,https://brazil.ratings.spglobal.com/ratings/pt/regulatory/org-details/sectorCode/FI/entityId/1000778
2026-06-04,2026-06-04,Escala Nacional Brasil de Curto Prazo,brA-1+,2018-02-20,2026-03-04,--,,,Banco Sumitomo Mitsui Brasileiro S.A.,https://brazil.ratings.spglobal.com/ratings/pt/regulatory/org-details/sectorCode/FI/entityId/1000778
2026-06-04,2026-06-04,Escala Nacional Brasil de Longo Prazo,brAAA,2018-07-11,2025-08-18,--,Stable,2018-07-11,Banco Toyota do Brasil S.A.,https://brazil.ratings.spglobal.com/ratings/pt/regulatory/org-details/sectorCode/FI/entityId/1000627
2026-06-04,2026-06-04,Escala Nacional Brasil de Longo Prazo,brAAA,2018-07-11,2025-08-18,--,Stable,2018-07-11,Banco Volkswagen S.A.,https://brazil.ratings.spglobal.com/ratings/pt/regulatory/org-details/sectorCode/FI/entityId/1001286
2026-06-04,2026-06-04,Escala Nacional Brasil de Longo Prazo,brAAA,2018-07-11,2025-08-18,--,Stable,2018-07-11,Banco Votorantim S.A.,https://brazil.ratings.spglobal.com/ratings/pt/regulatory/org-details/sectorCode/FI/entityId/1000291
2026-06-04,2026-06-04,Escala Nacional Brasil de Curto Prazo,brA-1+,2017-08-16,2025-08-18,--,,,Banco Votorantim S.A.,https://brazil.ratings.spglobal.com/ratings/pt/regulatory/org-details/sectorCode/FI/entityId/1000291
2026-06-04,2026-06-04,Escala Nacional Brasil de Longo Prazo,brAAA,2021-12-27,2026-04-16,--,Stable,2021-12-27,Banco XP S.A.,https://brazil.ratings.spglobal.com/ratings/pt/regulatory/org-details/sectorCode/FI/entityId/1000269
2026-06-04,2026-06-04,Escala Nacional Brasil de Longo Prazo,brA+,2024-11-18,2025-08-18,--,Stable,2024-11-18,Banco de Desenvolvimento de Minas Gerais S.A. - BDMG,https://brazil.ratings.spglobal.com/ratings/pt/regulatory/org-details/sectorCode/FI/entityId/1000906
2026-06-04,2026-06-04,Escala Nacional Brasil de Longo Prazo,brAA,2026-06-03,2026-06-03,--,Negative,2026-06-03,Banco do Estado do Para S.A.,https://brazil.ratings.spglobal.com/ratings/pt/regulatory/org-details/sectorCode/FI/entityId/1000873
2026-06-04,2026-06-04,Escala Nacional Brasil de Curto Prazo,brA-1+,2018-07-11,2026-06-03,--,,,Banco do Estado do Para S.A.,https://brazil.ratings.spglobal.com/ratings/pt/regulatory/org-details/sectorCode/FI/entityId/1000873
2026-06-04,2026-06-04,Escala Nacional Brasil de Longo Prazo,brAA+,2018-07-11,2026-01-15,--,Stable,2024-07-30,Banco do Estado do Rio Grande do Sul S.A.,https://brazil.ratings.spglobal.com/ratings/pt/regulatory/org-details/sectorCode/FI/entityId/1000056
2026-06-04,2026-06-04,Escala Nacional Brasil de Longo Prazo,brAAA,2018-07-11,2026-04-16,--,Stable,2018-07-11,Banco do Nordeste do Brasil S.A.,https://brazil.ratings.spglobal.com/ratings/pt/regulatory/org-details/sectorCode/FI/entityId/1001475
2026-06-04,2026-06-04,Escala Nacional Brasil de Longo Prazo,brAAA,2023-08-09,2025-08-18,--,Stable,2023-08-09,BancoSeguro S.A.,https://brazil.ratings.spglobal.com/ratings/pt/regulatory/org-details/sectorCode/FI/entityId/1000721
2026-06-04,2026-06-04,Escala Nacional Brasil de Longo Prazo,brAAA,2018-07-11,2026-03-04,--,Stable,2018-07-11,Bank of China (Brasil) Banco Multiplo S.A.,https://brazil.ratings.spglobal.com/ratings/pt/regulatory/org-details/sectorCode/FI/entityId/1001282
2026-06-04,2026-06-04,Escala Nacional Brasil de Longo Prazo,brAAA,2018-07-11,2026-04-16,--,Stable,2018-07-11,Caixa Economica Federal,https://brazil.ratings.spglobal.com/ratings/pt/regulatory/org-details/sectorCode/FI/entityId/1001117
2026-06-04,2026-06-04,Escala Nacional Brasil de Curto Prazo,brA-1+,2017-08-16,2026-04-16,--,,,Caixa Economica Federal,https://brazil.ratings.spglobal.com/ratings/pt/regulatory/org-details/sectorCode/FI/entityId/1001117
2026-06-04,2026-06-04,Escala Nacional Brasil de Longo Prazo,brBBB,2020-05-06,2025-08-18,--,Stable,2021-05-10,"Caruana S.A. - Sociedade de Credito, Financiamento e Investimento",https://brazil.ratings.spglobal.com/ratings/pt/regulatory/org-details/sectorCode/FI/entityId/1000205
2026-06-04,2026-06-04,Escala Nacional Brasil de Curto Prazo,brA-2,2018-07-11,2025-08-18,--,,,"Caruana S.A. - Sociedade de Credito, Financiamento e Investimento",https://brazil.ratings.spglobal.com/ratings/pt/regulatory/org-details/sectorCode/FI/entityId/1000205
2026-06-04,2026-06-04,Escala Nacional Brasil de Longo Prazo,brAAA,2019-10-15,2026-03-04,--,Negative,2025-07-31,Haitong Banco de Investimento do Brasil S.A.,https://brazil.ratings.spglobal.com/ratings/pt/regulatory/org-details/sectorCode/FI/entityId/1000112
2026-06-04,2026-06-04,Escala Nacional Brasil de Curto Prazo,brA-1+,2018-07-11,2026-03-04,--,,,Haitong Banco de Investimento do Brasil S.A.,https://brazil.ratings.spglobal.com/ratings/pt/regulatory/org-details/sectorCode/FI/entityId/1000112
2026-06-04,2026-06-04,Escala Nacional Brasil de Longo Prazo,brAAA,2021-02-08,2025-08-18,--,Stable,2021-02-08,Jalles Machado S.A.,https://brazil.ratings.spglobal.com/ratings/pt/regulatory/org-details/sectorCode/CORP/entityId/1001355
2026-06-04,2026-06-04,Escala Nacional Brasil de Longo Prazo,brBB+,2026-03-26,2026-03-26,--,Negative,2026-03-26,Kallas Incorporacoes e Construcoes S.A.,https://brazil.ratings.spglobal.com/ratings/pt/regulatory/org-details/sectorCode/CORP/entityId/1000916
2026-06-04,2026-06-04,Escala Nacional Brasil de Longo Prazo,brAA,2022-03-10,2025-08-18,--,Stable,2022-03-10,Laticinios Bela Vista S.A.,https://brazil.ratings.spglobal.com/ratings/pt/regulatory/org-details/sectorCode/CORP/entityId/1001019
2026-06-04,2026-06-04,Escala Nacional Brasil de Longo Prazo,brA,2025-11-18,2026-05-20,--,Stable,2025-11-18,Madero Industria E Comercio S.A.,https://brazil.ratings.spglobal.com/ratings/pt/regulatory/org-details/sectorCode/CORP/entityId/1001021
2026-06-04,2026-06-04,Escala Nacional Brasil de Longo Prazo,brAA-,2023-08-30,2026-05-20,--,Stable,2024-11-18,Magazine Luiza S.A.,https://brazil.ratings.spglobal.com/ratings/pt/regulatory/org-details/sectorCode/CORP/entityId/1000472
2026-06-04,2026-06-04,Escala Nacional Brasil de Longo Prazo,brA-,2026-04-20,2026-04-20,--,Negative,2026-04-20,Manaus Ambiental S.A.,https://brazil.ratings.spglobal.com/ratings/pt/regulatory/org-details/sectorCode/UTIL/entityId/1001534
2026-06-04,2026-06-04,Escala Nacional Brasil de Longo Prazo,brAAA,2021-12-03,2026-05-20,--,Negative,2026-05-20,Marfrig Global Foods S.A.,https://brazil.ratings.spglobal.com/ratings/pt/regulatory/org-details/sectorCode/CORP/entityId/1000446
2026-06-04,2026-06-04,Escala Nacional Brasil de Longo Prazo,brAA,2021-04-29,2026-05-20,--,Stable,2021-04-29,Martins Comercio e Servico de Distribuicao S.A.,https://brazil.ratings.spglobal.com/ratings/pt/regulatory/org-details/sectorCode/CORP/entityId/1000522
2026-06-04,2026-06-04,Escala Nacional Brasil de Longo Prazo,brAA-,2025-06-16,2025-08-18,--,Stable,2025-06-16,Nardini Agroindustrial Ltda.,https://brazil.ratings.spglobal.com/ratings/pt/regulatory/org-details/sectorCode/CORP/entityId/1000871
2026-06-04,2026-06-04,Escala Nacional Brasil de Longo Prazo,brAAA,2020-10-14,2025-08-18,--,Stable,2020-10-14,Natura Cosmeticos S.A.,https://brazil.ratings.spglobal.com/ratings/pt/regulatory/org-details/sectorCode/CORP/entityId/1000800
2026-06-04,2026-06-04,Escala Nacional Brasil de Longo Prazo,brAAA,2024-04-09,2025-08-18,--,Stable,2024-04-09,Paraiba (State of),https://brazil.ratings.spglobal.com/ratings/pt/regulatory/org-details/sectorCode/GOVS/entityId/1000031
2026-06-04,2026-06-04,Escala Nacional Brasil de Longo Prazo,brAA+,2018-07-11,2026-01-15,--,Stable,2019-03-18,Parana Banco S.A,https://brazil.ratings.spglobal.com/ratings/pt/regulatory/org-details/sectorCode/FI/entityId/1000294
2026-06-04,2026-06-04,Escala Nacional Brasil de Longo Prazo,brA,2024-05-28,2025-08-18,--,Stable,2024-12-16,Paranagua Saneamento S.A.,https://brazil.ratings.spglobal.com/ratings/pt/regulatory/org-details/sectorCode/UTIL/entityId/1001229
2026-06-04,2026-06-04,Escala Nacional Brasil de Longo Prazo,SD,2026-03-11,2026-03-11,--,NM,2026-03-11,Raizen S.A.,https://brazil.ratings.spglobal.com/ratings/pt/regulatory/org-details/sectorCode/CORP/entityId/1001149
2026-06-04,2026-06-04,Escala Nacional Brasil de Longo Prazo,brAAA,2024-10-25,2025-10-01,--,Negative,2025-10-01,Randoncorp S.A.,https://brazil.ratings.spglobal.com/ratings/pt/regulatory/org-details/sectorCode/CORP/entityId/1000180
2026-06-04,2026-06-04,Escala Nacional Brasil de Curto Prazo,brA-1+,2019-12-19,2025-10-01,--,,,Randoncorp S.A.,https://brazil.ratings.spglobal.com/ratings/pt/regulatory/org-details/sectorCode/CORP/entityId/1000180
2026-06-04,2026-06-04,Escala Nacional Brasil de Longo Prazo,brAAA,2025-06-12,2025-08-18,--,Stable,2025-06-12,Santa Catarina (State of),https://brazil.ratings.spglobal.com/ratings/pt/regulatory/org-details/sectorCode/GOVS/entityId/1000801
2026-06-04,2026-06-04,Escala Nacional Brasil de Longo Prazo,brAAA,2018-07-11,2025-08-18,--,Stable,2021-03-25,Santos Brasil Participacoes S.A.,https://brazil.ratings.spglobal.com/ratings/pt/regulatory/org-details/sectorCode/CORP/entityId/1000809
2026-06-04,2026-06-04,Escala Nacional Brasil de Longo Prazo,brAAA,2017-08-16,2025-08-18,--,Stable,2017-08-16,Sao Martinho S.A.,https://brazil.ratings.spglobal.com/ratings/pt/regulatory/org-details/sectorCode/CORP/entityId/1000537
2026-06-04,2026-06-04,Escala Nacional Brasil de Longo Prazo,brAAA,2006-11-16,2025-08-18,--,Stable,2019-03-21,Vale S.A.,https://brazil.ratings.spglobal.com/ratings/pt/regulatory/org-details/sectorCode/CORP/entityId/1000610
2026-06-04,2026-06-04,Escala Nacional Brasil de Longo Prazo,brAA-,2026-06-03,2026-06-03,--,Negative,2026-06-03,Vale do Tijuco Acucar e Alcool S.A.,https://brazil.ratings.spglobal.com/ratings/pt/regulatory/org-details/sectorCode/CORP/entityId/1001436
2026-06-04,2026-06-04,Escala Nacional Brasil de Longo Prazo,brAA+,2021-06-09,2025-08-18,--,Stable,2021-06-09,"Vamos Locacao de Caminhoes, Maquinas e Equipamentos S.A.",https://brazil.ratings.spglobal.com/ratings/pt/regulatory/org-details/sectorCode/CORP/entityId/1000315
2026-06-04,2026-06-04,Classificação de Práticas de Administração de Recursos de Terceiros,brAMP1,2025-10-28,2026-05-15,--,,,BRAM - Bradesco Asset Management S.A. Distribuidora de Titulos e Valores Mobiliarios,https://brazil.ratings.spglobal.com/ratings/pt/regulatory/org-details/sectorCode/FI/entityId/1001401
2026-06-04,2026-06-04,Escala Nacional Brasil de Longo Prazo,brA+,2025-09-16,2026-03-26,--,Watch Neg,2026-03-26,Brasil Tecnologia E Participacoes S.A.,https://brazil.ratings.spglobal.com/ratings/pt/regulatory/org-details/sectorCode/CORP/entityId/1000098
2026-06-04,2026-06-04,Escala Nacional Brasil de Longo Prazo,brAA+,2025-07-25,2026-01-13,--,Stable,2025-07-25,Brasil Terrenos Holding S.A.,https://brazil.ratings.spglobal.com/ratings/pt/regulatory/org-details/sectorCode/CORP/entityId/1000034
2026-06-04,2026-06-04,Escala Nacional Brasil de Longo Prazo,brCCC-,2025-09-26,2025-09-26,--,Negative,2025-09-26,Braskem S.A.,https://brazil.ratings.spglobal.com/ratings/pt/regulatory/org-details/sectorCode/CORP/entityId/1001225
2026-06-04,2026-06-04,Escala Nacional Brasil de Longo Prazo,brAA-,2024-08-08,2026-01-27,--,Stable,2026-01-27,Brava Energia S.A.,https://brazil.ratings.spglobal.com/ratings/pt/regulatory/org-details/sectorCode/CORP/entityId/1000914
2026-06-04,2026-06-04,Escala Nacional Brasil de Longo Prazo,brAA,2025-10-09,2025-10-09,--,Stable,2025-10-09,C.Vale Cooperativa Agroindustrial,https://brazil.ratings.spglobal.com/ratings/pt/regulatory/org-details/sectorCode/CORP/entityId/1005821
2026-06-04,2026-06-04,Escala Nacional Brasil de Longo Prazo,brBBB+,2025-11-12,2025-11-12,--,Negative,2025-11-12,GJA Industrias S.A.,https://brazil.ratings.spglobal.com/ratings/pt/regulatory/org-details/sectorCode/CORP/entityId/1000270
2026-06-04,2026-06-04,Escala Nacional Brasil de Longo Prazo,brAA,2021-07-05,2026-06-01,--,Stable,2021-07-05,Irani Papel e Embalagem S.A.,https://brazil.ratings.spglobal.com/ratings/pt/regulatory/org-details/sectorCode/CORP/entityId/1000476
2026-06-04,2026-06-04,Classificação de Práticas de Administração de Recursos de Terceiros,brAMP1,2025-10-28,2026-05-15,--,,,Itau Asset Management,https://brazil.ratings.spglobal.com/ratings/pt/regulatory/org-details/sectorCode/FI/entityId/1004289
2026-06-04,2026-06-04,Escala Nacional Brasil de Longo Prazo,brAAA,2023-07-11,2025-08-18,--,Stable,2023-07-11,Itausa S.A.,https://brazil.ratings.spglobal.com/ratings/pt/regulatory/org-details/sectorCode/FI/entityId/1000382
2026-06-04,2026-06-04,Escala Nacional Brasil de Longo Prazo,brAAA,2017-08-16,2026-05-29,--,Stable,2017-08-16,Klabin S.A.,https://brazil.ratings.spglobal.com/ratings/pt/regulatory/org-details/sectorCode/CORP/entityId/1000312
2026-06-04,2026-06-04,Escala Nacional Brasil de Longo Prazo,brAAA,2024-08-05,2025-08-18,--,Stable,2024-08-05,Planagri S.A.,https://brazil.ratings.spglobal.com/ratings/pt/regulatory/org-details/sectorCode/CORP/entityId/1000075
2026-06-04,2026-06-04,Escala Nacional Brasil de Longo Prazo,brAA+,2024-07-29,2026-01-13,--,Stable,2024-07-29,Plano & Plano Desenvolvimento Imobiliario S.A.,https://brazil.ratings.spglobal.com/ratings/pt/regulatory/org-details/sectorCode/CORP/entityId/1001015
2026-06-04,2026-06-04,Escala Nacional Brasil de Longo Prazo,brAA,2026-03-11,2026-03-11,--,Stable,2026-03-11,Qualicorp Consultoria e Corretora de Seguros S.A.,https://brazil.ratings.spglobal.com/ratings/pt/regulatory/org-details/sectorCode/CORP/entityId/1000822
2026-06-04,2026-06-04,Escala Nacional Brasil de Longo Prazo,brA-,2026-02-06,2026-02-06,--,Stable,2026-02-06,Stark Bank S.A. - Instituição de Pagamento,https://brazil.ratings.spglobal.com/ratings/pt/regulatory/org-details/sectorCode/FI/entityId/1005822
2026-06-04,2026-06-04,Escala Nacional Brasil de Longo Prazo,brAA,2026-04-10,2026-04-10,--,Stable,2026-04-10,V.Tal Rede Neutra e Telecomunicacoes S.A.,https://brazil.ratings.spglobal.com/ratings/pt/regulatory/org-details/sectorCode/CORP/entityId/1000455
2026-06-04,2026-06-04,Escala Nacional Brasil de Longo Prazo,brAA+,2024-10-01,2026-05-08,--,Stable,2026-05-08,Via Appia Concessoes S.A.,https://brazil.ratings.spglobal.com/ratings/pt/regulatory/org-details/sectorCode/UTIL/entityId/1000477
2026-06-04,2026-06-04,Escala Nacional Brasil de Longo Prazo,brAAA,2019-04-18,2025-10-06,--,Stable,2019-04-18,Via Paulista S.A.,https://brazil.ratings.spglobal.com/ratings/pt/regulatory/org-details/sectorCode/CORP/entityId/1001390
2026-06-04,2026-06-04,Escala Nacional Brasil de Longo Prazo,brAA+,2018-07-11,2026-05-26,--,Stable,2026-05-26,Cocal Comercio Industria Canaa Acucar e Alcool S.A.,https://brazil.ratings.spglobal.com/ratings/pt/regulatory/org-details/sectorCode/CORP/entityId/1000716
2026-06-04,2026-06-04,Escala Nacional Brasil de Longo Prazo,brAA-,2026-01-20,2026-01-20,--,Stable,2026-01-20,Copacol - Cooperativa Agroindustrial Consolata,https://brazil.ratings.spglobal.com/ratings/pt/regulatory/org-details/sectorCode/CORP/entityId/1008381
2026-06-04,2026-06-04,Escala Nacional Brasil de Longo Prazo,brAAA,2022-09-29,2025-08-18,--,Stable,2022-09-29,Equatorial Alagoas Distribuidora de Energia S.A.,https://brazil.ratings.spglobal.com/ratings/pt/regulatory/org-details/sectorCode/UTIL/entityId/1001357
2026-06-04,2026-06-04,Escala Nacional Brasil de Longo Prazo,brAAA,2020-02-11,2025-08-18,--,Stable,2020-02-11,Equatorial Maranhao Distribuidora de Energia S.A.,https://brazil.ratings.spglobal.com/ratings/pt/regulatory/org-details/sectorCode/UTIL/entityId/1000709
2026-06-04,2026-06-04,Escala Nacional Brasil de Longo Prazo,brAAA,2018-07-11,2025-08-18,--,Stable,2018-07-11,Equatorial Para Distribuidora de Energia S.A.,https://brazil.ratings.spglobal.com/ratings/pt/regulatory/org-details/sectorCode/UTIL/entityId/1000606
2026-06-04,2026-06-04,Escala Nacional Brasil de Longo Prazo,brAAA,2018-07-11,2025-08-18,--,Stable,2018-07-11,Equatorial S.A.,https://brazil.ratings.spglobal.com/ratings/pt/regulatory/org-details/sectorCode/UTIL/entityId/1000514
2026-06-04,2026-06-04,Escala Nacional Brasil de Longo Prazo,brA-,2025-12-01,2025-12-01,--,Negative,2025-12-01,Giga Mais Fibra Telecomunicacoes S.A.,https://brazil.ratings.spglobal.com/ratings/pt/regulatory/org-details/sectorCode/CORP/entityId/1000208
2026-06-04,2026-06-04,Escala Nacional Brasil de Longo Prazo,brA,2024-05-28,2025-08-18,--,Stable,2024-12-16,Igua Saneamento S.A.,https://brazil.ratings.spglobal.com/ratings/pt/regulatory/org-details/sectorCode/UTIL/entityId/1001010
2026-06-04,2026-06-04,Escala Nacional Brasil de Longo Prazo,brAAA,2017-08-16,2025-08-18,--,Stable,2018-01-12,Localiza Rent a Car S.A.,https://brazil.ratings.spglobal.com/ratings/pt/regulatory/org-details/sectorCode/CORP/entityId/1001190
2026-06-04,2026-06-04,Escala Nacional Brasil de Longo Prazo,brAAA,2017-08-16,2026-05-20,--,Stable,2021-05-04,Lojas Renner S.A.,https://brazil.ratings.spglobal.com/ratings/pt/regulatory/org-details/sectorCode/CORP/entityId/1001461
2026-06-04,2026-06-04,Escala Nacional Brasil de Longo Prazo,brBB+,2025-10-22,2025-10-22,--,Positive,2025-10-22,Minas Gerais (State of),https://brazil.ratings.spglobal.com/ratings/pt/regulatory/org-details/sectorCode/GOVS/entityId/1000540
2026-06-04,2026-06-04,Escala Nacional Brasil de Longo Prazo,brAAA,2017-08-16,2026-05-29,--,Stable,2017-08-16,Suzano S.A.,https://brazil.ratings.spglobal.com/ratings/pt/regulatory/org-details/sectorCode/CORP/entityId/1000164
2026-06-04,2026-06-04,Escala Nacional Brasil de Longo Prazo,brAA,2025-02-10,2025-08-18,--,Stable,2025-02-10,BR Partners Banco de Investimento S.A.,https://brazil.ratings.spglobal.com/ratings/pt/regulatory/org-details/sectorCode/FI/entityId/1000296
2026-06-04,2026-06-04,Escala Nacional Brasil de Longo Prazo,brAA-,2025-07-25,2025-12-29,--,Watch Neg,2025-12-29,BRK Ambiental Participacoes S.A.,https://brazil.ratings.spglobal.com/ratings/pt/regulatory/org-details/sectorCode/UTIL/entityId/1001196
2026-06-04,2026-06-04,Escala Nacional Brasil de Longo Prazo,brAA-,2025-04-28,2025-08-18,--,Stable,2025-04-28,Brisanet Servicos de Telecomunicacoes S.A.,https://brazil.ratings.spglobal.com/ratings/pt/regulatory/org-details/sectorCode/CORP/entityId/1001088
2026-06-04,2026-06-04,Escala Nacional Brasil de Longo Prazo,brAA,2026-05-21,2026-05-21,--,Stable,2026-05-21,Cereal Comercio Exportacao e Representacao Agropecuaria S.A.,https://brazil.ratings.spglobal.com/ratings/pt/regulatory/org-details/sectorCode/CORP/entityId/1001126
2026-06-04,2026-06-04,Escala Nacional Brasil de Longo Prazo,brAA,2021-11-19,2025-08-18,--,Stable,2025-02-27,Cerradinho Bioenergia S.A.,https://brazil.ratings.spglobal.com/ratings/pt/regulatory/org-details/sectorCode/CORP/entityId/1000912
2026-06-04,2026-06-04,Escala Nacional Brasil de Curto Prazo,brA-1+,2020-04-13,2025-08-18,--,,,Cerradinho Bioenergia S.A.,https://brazil.ratings.spglobal.com/ratings/pt/regulatory/org-details/sectorCode/CORP/entityId/1000912
2026-06-04,2026-06-04,Escala Nacional Brasil de Longo Prazo,brAA+,2021-07-07,2025-09-02,--,Positive,2025-09-02,Cogna Educacao S.A,https://brazil.ratings.spglobal.com/ratings/pt/regulatory/org-details/sectorCode/CORP/entityId/1000228
2026-06-04,2026-06-04,Escala Nacional Brasil de Longo Prazo,brAA+,2021-01-28,2025-08-18,--,Positive,2024-11-26,Companhia Energetica de Minas Gerais - CEMIG,https://brazil.ratings.spglobal.com/ratings/pt/regulatory/org-details/sectorCode/UTIL/entityId/1000831
2026-06-04,2026-06-04,Escala Nacional Brasil de Longo Prazo,brAAA,2018-07-11,2025-08-18,--,Stable,2018-07-11,Companhia Energetica de Pernambuco (CELPE),https://brazil.ratings.spglobal.com/ratings/pt/regulatory/org-details/sectorCode/UTIL/entityId/1000676
2026-06-04,2026-06-04,Escala Nacional Brasil de Longo Prazo,brAAA,2018-07-11,2025-01-16,--,Stable,2018-07-11,Companhia Energetica do Rio Grande do Norte,https://brazil.ratings.spglobal.com/ratings/pt/regulatory/org-details/sectorCode/UTIL/entityId/1001421
2026-06-04,2026-06-04,Escala Nacional Brasil de Longo Prazo,brA,2026-04-20,2026-04-20,--,Negative,2026-04-20,Companhia Riograndense de Saneamento S.A.,https://brazil.ratings.spglobal.com/ratings/pt/regulatory/org-details/sectorCode/UTIL/entityId/1000032
2026-06-04,2026-06-04,Escala Nacional Brasil de Longo Prazo,brA-,2026-03-18,2026-03-18,--,Negative,2026-03-18,Companhia Siderurgica Nacional,https://brazil.ratings.spglobal.com/ratings/pt/regulatory/org-details/sectorCode/CORP/entityId/1001493
2026-06-04,2026-06-04,Escala Nacional Brasil de Longo Prazo,brAAA,2018-07-11,2025-08-18,--,Stable,2018-07-11,Companhia de Eletricidade do Estado da Bahia,https://brazil.ratings.spglobal.com/ratings/pt/regulatory/org-details/sectorCode/UTIL/entityId/1001209
2026-06-04,2026-06-04,Escala Nacional Brasil de Longo Prazo,brAAA,2018-07-11,2025-08-18,--,Stable,2021-12-06,Companhia de Saneamento Basico do Estado de Sao Paulo,https://brazil.ratings.spglobal.com/ratings/pt/regulatory/org-details/sectorCode/UTIL/entityId/1000306
2026-06-04,2026-06-04,Escala Nacional Brasil de Longo Prazo,brAAA,2026-03-20,2026-03-20,--,Stable,2026-03-20,Delta Sucroenergia S.A.,https://brazil.ratings.spglobal.com/ratings/pt/regulatory/org-details/sectorCode/CORP/entityId/1001385
2026-06-04,2026-06-04,Escala Nacional Brasil de Longo Prazo,brAAA,2019-04-22,2025-08-18,--,Stable,2024-04-30,ENEVA S.A.,https://brazil.ratings.spglobal.com/ratings/pt/regulatory/org-details/sectorCode/UTIL/entityId/1000433
2026-06-04,2026-06-04,Escala Nacional Brasil de Longo Prazo,brAA-,2025-07-03,2026-01-13,--,Stable,2025-07-03,Emccamp Residencial S.A.,https://brazil.ratings.spglobal.com/ratings/pt/regulatory/org-details/sectorCode/CORP/entityId/1001087
2026-06-04,2026-06-04,Escala Nacional Brasil de Longo Prazo,brAA-,2026-01-28,2026-01-28,--,Stable,2026-01-28,Ferrari Agroindustria S.A.,https://brazil.ratings.spglobal.com/ratings/pt/regulatory/org-details/sectorCode/CORP/entityId/1000090
2026-06-04,2026-06-04,Escala Nacional Brasil de Longo Prazo,brCCC,2025-08-18,2025-08-18,--,Negative,2025-08-18,GG Participacoes S.A.,https://brazil.ratings.spglobal.com/ratings/pt/regulatory/org-details/sectorCode/CORP/entityId/1000875
2026-06-04,2026-06-04,Escala Nacional Brasil de Longo Prazo,brAAA,2007-06-04,2025-08-18,--,Stable,2017-08-16,Gerdau S.A.,https://brazil.ratings.spglobal.com/ratings/pt/regulatory/org-details/sectorCode/CORP/entityId/1001212
2026-06-04,2026-06-04,Escala Nacional Brasil de Longo Prazo,brA,2025-04-07,2025-08-18,--,Stable,2025-04-07,Goncalves & Tortola S.A.,https://brazil.ratings.spglobal.com/ratings/pt/regulatory/org-details/sectorCode/CORP/entityId/1000659
2026-06-04,2026-06-04,Escala Nacional Brasil de Longo Prazo,SD,2026-03-23,2026-03-23,--,NM,2026-03-23,Ligga Telecomunicacoes S.A.,https://brazil.ratings.spglobal.com/ratings/pt/regulatory/org-details/sectorCode/CORP/entityId/1000182
2026-06-04,2026-06-04,Escala Nacional Brasil de Longo Prazo,brAA,2025-10-07,2026-01-13,--,Stable,2025-10-07,Moura Dubeux Engenharia S.A.,https://brazil.ratings.spglobal.com/ratings/pt/regulatory/org-details/sectorCode/CORP/entityId/1000518
2026-06-04,2026-06-04,Escala Nacional Brasil de Longo Prazo,brA,2026-04-20,2026-04-20,--,Negative,2026-04-20,Prolagos S.A. - Concessionaria de Servicos Publicos de Agua e Esgoto (Prolagos),https://brazil.ratings.spglobal.com/ratings/pt/regulatory/org-details/sectorCode/UTIL/entityId/1000452
2026-06-04,2026-06-04,Escala Nacional Brasil de Longo Prazo,brAA,2021-02-23,2025-08-18,--,Stable,2021-02-23,SLC Agricola S/A,https://brazil.ratings.spglobal.com/ratings/pt/regulatory/org-details/sectorCode/CORP/entityId/1000295
2026-06-04,2026-06-04,Escala Nacional Brasil de Longo Prazo,brAA+,2020-08-06,2025-08-18,--,Stable,2024-09-18,Simpar S.A.,https://brazil.ratings.spglobal.com/ratings/pt/regulatory/org-details/sectorCode/CORP/entityId/1001409
2026-06-04,2026-06-04,Classificação de Práticas de Administração de Recursos de Terceiros,brAMP1,2025-10-28,2026-05-15,--,,,Sul America Investimentos DTVM S.A.,https://brazil.ratings.spglobal.com/ratings/pt/regulatory/org-details/sectorCode/FI/entityId/1000200
2026-06-04,2026-06-04,Escala Nacional Brasil de Longo Prazo,brAAA,2026-01-30,2026-01-30,--,Stable,2026-01-30,Ultrafertil S.A.,https://brazil.ratings.spglobal.com/ratings/pt/regulatory/org-details/sectorCode/CORP/entityId/1000513
2026-06-04,2026-06-04,Escala Nacional Brasil de Longo Prazo,brAAA,2017-08-16,2025-08-18,--,Stable,2018-01-12,Ultrapar Participacoes S.A.,https://brazil.ratings.spglobal.com/ratings/pt/regulatory/org-details/sectorCode/CORP/entityId/1000846
2026-06-04,2026-06-04,Escala Nacional Brasil de Longo Prazo,brAA-,2026-05-15,2026-05-15,--,Negative,2026-05-15,Usina Batatais SA - Acucar e Alcool,https://brazil.ratings.spglobal.com/ratings/pt/regulatory/org-details/sectorCode/CORP/entityId/1000810
2026-06-04,2026-06-04,Escala Nacional Brasil de Longo Prazo,brAA-,2022-01-07,2025-11-19,--,Stable,2025-11-19,Usina Santa Adelia S.A.,https://brazil.ratings.spglobal.com/ratings/pt/regulatory/org-details/sectorCode/CORP/entityId/1000567
2026-06-04,2026-06-04,Escala Nacional Brasil de Longo Prazo,brA,2024-12-23,2025-08-18,--,Stable,2024-12-23,Usina Sao Jose da Estiva S/A Acucar e Alcool,https://brazil.ratings.spglobal.com/ratings/pt/regulatory/org-details/sectorCode/CORP/entityId/1000836
2026-06-04,2026-06-04,Escala Nacional Brasil de Longo Prazo,brBBB+,2024-07-03,2025-08-18,--,Stable,2024-07-03,Usinas Itamarati S.A.,https://brazil.ratings.spglobal.com/ratings/pt/regulatory/org-details/sectorCode/CORP/entityId/1000520
2026-06-04,2026-06-04,Escala Nacional Brasil de Longo Prazo,brAAA,2021-09-15,2025-08-18,--,Stable,2021-09-15,Usinas Siderurgicas de Minas Gerais S.A.,https://brazil.ratings.spglobal.com/ratings/pt/regulatory/org-details/sectorCode/CORP/entityId/1000821
2026-06-04,2026-06-04,Escala Nacional Brasil de Longo Prazo,brAAA,2024-06-06,2026-05-20,--,Negative,2026-05-20,BRF S.A.,https://brazil.ratings.spglobal.com/ratings/pt/regulatory/org-details/sectorCode/CORP/entityId/1000587
2026-06-04,2026-06-04,Escala Nacional Brasil de Longo Prazo,brAAA,2021-06-09,2025-08-18,--,Stable,2021-06-09,BTG Pactual Seguros S.A.,https://brazil.ratings.spglobal.com/ratings/pt/regulatory/org-details/sectorCode/INS/entityId/1001233
2026-06-04,2026-06-04,Escala Nacional Brasil de Longo Prazo,brAAA,2018-07-11,2026-01-13,--,Stable,2018-07-11,Cyrela Brazil Realty S.A. Empreendimentos e Participacoes,https://brazil.ratings.spglobal.com/ratings/pt/regulatory/org-details/sectorCode/CORP/entityId/1001480
2026-06-04,2026-06-04,Escala Nacional Brasil de Longo Prazo,brAAA,2022-04-29,2025-08-18,--,Stable,2022-04-29,EMS S.A.,https://brazil.ratings.spglobal.com/ratings/pt/regulatory/org-details/sectorCode/CORP/entityId/1000062
2026-06-04,2026-06-04,Escala Nacional Brasil de Longo Prazo,brA,2026-04-24,2026-04-24,--,Negative,2026-04-24,Equipav Saneamento S.A.,https://brazil.ratings.spglobal.com/ratings/pt/regulatory/org-details/sectorCode/UTIL/entityId/1001511
2026-06-04,2026-06-04,Escala Nacional Brasil de Longo Prazo,brAA+,2025-04-09,2025-08-18,--,Stable,2025-04-09,Hypera S.A.,https://brazil.ratings.spglobal.com/ratings/pt/regulatory/org-details/sectorCode/CORP/entityId/1000362
2026-06-04,2026-06-04,Escala Nacional Brasil de Longo Prazo,brAAA,2019-10-30,2025-08-18,--,Stable,2019-10-30,JBS S.A.,https://brazil.ratings.spglobal.com/ratings/pt/regulatory/org-details/sectorCode/CORP/entityId/1000855
2026-06-04,2026-06-04,Escala Nacional Brasil de Longo Prazo,brAA+,2023-03-30,2025-08-18,--,Stable,2023-03-30,JSL S.A.,https://brazil.ratings.spglobal.com/ratings/pt/regulatory/org-details/sectorCode/CORP/entityId/1001116
2026-06-04,2026-06-04,Escala Nacional Brasil de Longo Prazo,brAA+,2022-04-12,2025-08-18,--,Stable,2022-04-12,LM Transportes Interestaduais Servicos e Comercio S.A.,https://brazil.ratings.spglobal.com/ratings/pt/regulatory/org-details/sectorCode/CORP/entityId/1000747
2026-06-04,2026-06-04,Escala Nacional Brasil de Longo Prazo,brA+,2024-09-03,2025-08-18,--,Stable,2024-09-03,Lins Agroindustrial S.A.,https://brazil.ratings.spglobal.com/ratings/pt/regulatory/org-details/sectorCode/CORP/entityId/1001195
2026-06-04,2026-06-04,Escala Nacional Brasil de Longo Prazo,brAAA,2018-07-11,2025-08-18,--,Stable,2018-07-11,Motiva Infraestrutura de Mobilidade S.A.,https://brazil.ratings.spglobal.com/ratings/pt/regulatory/org-details/sectorCode/CORP/entityId/1001004
2026-06-04,2026-06-04,Escala Nacional Brasil de Longo Prazo,brAA+,2021-07-28,2025-08-18,--,Stable,2022-12-16,Movida Participacoes S.A.,https://brazil.ratings.spglobal.com/ratings/pt/regulatory/org-details/sectorCode/CORP/entityId/1001084
2026-06-04,2026-06-04,Escala Nacional Brasil de Longo Prazo,brA,2023-11-13,2025-08-18,--,Stable,2023-11-13,Sonora Estancia S.A.,https://brazil.ratings.spglobal.com/ratings/pt/regulatory/org-details/sectorCode/CORP/entityId/1001487
2026-06-04,2026-06-04,Escala Nacional Brasil de Longo Prazo,brAA+,2024-04-30,2025-08-18,--,Stable,2025-07-10,UHE Sao Simao Energia S.A.,https://brazil.ratings.spglobal.com/ratings/pt/regulatory/org-details/sectorCode/UTIL/entityId/1000748
2026-06-04,2026-06-04,Escala Nacional Brasil de Longo Prazo,brAAA,2017-08-16,2025-08-18,--,Stable,2018-01-12,Votorantim S.A.,https://brazil.ratings.spglobal.com/ratings/pt/regulatory/org-details/sectorCode/CORP/entityId/1000359
2026-06-04,2026-06-04,Escala Nacional Brasil de Longo Prazo,brAAA,2018-07-11,2026-04-16,--,Stable,2018-07-11,BNDESPar-BNDES Participacoes S.A.,https://brazil.ratings.spglobal.com/ratings/pt/regulatory/org-details/sectorCode/FI/entityId/1001283
2026-06-04,2026-06-04,Escala Nacional Brasil de Longo Prazo,brAA,2024-04-23,2025-08-18,--,Stable,2024-04-23,Bem Brasil Alimentos S.A.,https://brazil.ratings.spglobal.com/ratings/pt/regulatory/org-details/sectorCode/CORP/entityId/1001510
2026-06-04,2026-06-04,Escala Nacional Brasil de Longo Prazo,brA,2026-02-10,2026-02-10,--,Stable,2026-02-10,Cooperativa de Credito Unicred Uniao Ltda.,https://brazil.ratings.spglobal.com/ratings/pt/regulatory/org-details/sectorCode/FI/entityId/1005842
2026-06-04,2026-06-04,Escala Nacional Brasil de Longo Prazo,brAAA,2025-09-10,2025-09-10,--,Stable,2025-09-10,IRB-Brasil Resseguros S.A.,https://brazil.ratings.spglobal.com/ratings/pt/regulatory/org-details/sectorCode/INS/entityId/1000593
2026-06-04,2026-06-04,Escala Nacional Brasil de Longo Prazo,brAAA,2018-12-05,2026-05-07,--,Stable,2025-07-23,Integracao Transmissora de Energia S.A.,https://brazil.ratings.spglobal.com/ratings/pt/regulatory/org-details/sectorCode/UTIL/entityId/1001018
2026-06-04,2026-06-04,Escala Nacional Brasil de Longo Prazo,brAAA,2020-10-15,2025-08-18,--,Stable,2020-10-15,Minerva S.A.,https://brazil.ratings.spglobal.com/ratings/pt/regulatory/org-details/sectorCode/CORP/entityId/1000071
2026-06-04,2026-06-04,Escala Nacional Brasil de Longo Prazo,brAAA,2024-04-30,2026-04-16,--,Stable,2024-04-30,"Nu Financeira S.A. - Sociedade de Credito, Financiamento e Investimento",https://brazil.ratings.spglobal.com/ratings/pt/regulatory/org-details/sectorCode/FI/entityId/1000913
2026-06-04,2026-06-04,Escala Nacional Brasil de Curto Prazo,brA-1+,2021-06-30,2026-04-16,--,,,"Nu Financeira S.A. - Sociedade de Credito, Financiamento e Investimento",https://brazil.ratings.spglobal.com/ratings/pt/regulatory/org-details/sectorCode/FI/entityId/1000913
2026-06-04,2026-06-04,Escala Nacional Brasil de Longo Prazo,brA-,2023-07-18,2025-08-18,--,Negative,2023-07-18,Omni Banco S.A.,https://brazil.ratings.spglobal.com/ratings/pt/regulatory/org-details/sectorCode/FI/entityId/1001152
2026-06-04,2026-06-04,Escala Nacional Brasil de Longo Prazo,brA-,2023-07-18,2025-08-18,--,Negative,2023-07-18,Omni S.A. - Credito Financiamento e Investimento,https://brazil.ratings.spglobal.com/ratings/pt/regulatory/org-details/sectorCode/FI/entityId/1000163
2026-06-04,2026-06-04,Escala Nacional Brasil de Longo Prazo,brAAA,2025-11-13,2025-11-13,--,Stable,2025-11-13,Prio S.A.,https://brazil.ratings.spglobal.com/ratings/pt/regulatory/org-details/sectorCode/CORP/entityId/1000095
2026-06-04,2026-06-04,Escala Nacional Brasil de Curto Prazo,brA-1+,2021-11-17,2025-11-13,--,,,Prio S.A.,https://brazil.ratings.spglobal.com/ratings/pt/regulatory/org-details/sectorCode/CORP/entityId/1000095
2026-06-04,2026-06-04,Classificação de Práticas de Administração de Recursos de Terceiros,brAMP2,2025-10-28,2026-05-15,--,,,Rio Bravo Investimentos Holding S.A.,https://brazil.ratings.spglobal.com/ratings/pt/regulatory/org-details/sectorCode/FI/entityId/1000188
2026-06-04,2026-06-04,Escala Nacional Brasil de Longo Prazo,brAA+,2018-07-11,2026-05-08,--,Stable,2026-05-08,Rodovias das Colinas S.A.,https://brazil.ratings.spglobal.com/ratings/pt/regulatory/org-details/sectorCode/CORP/entityId/1000313
2026-06-04,2026-06-04,Escala Nacional Brasil de Longo Prazo,brAA+,2026-03-06,2026-03-06,--,Watch Neg,2026-03-06,Rumo S.A.,https://brazil.ratings.spglobal.com/ratings/pt/regulatory/org-details/sectorCode/CORP/entityId/1000139
2026-06-04,2026-06-04,Escala Nacional Brasil de Curto Prazo,brA-1+,2018-07-11,2026-03-06,--,,,Rumo S.A.,https://brazil.ratings.spglobal.com/ratings/pt/regulatory/org-details/sectorCode/CORP/entityId/1000139
2026-06-04,2026-06-04,Escala Nacional Brasil de Longo Prazo,brAA,2026-03-20,2026-03-20,--,Negative,2026-03-20,Tupy S.A.,https://brazil.ratings.spglobal.com/ratings/pt/regulatory/org-details/sectorCode/CORP/entityId/1000474
2026-06-04,2026-06-04,Escala Nacional Brasil de Longo Prazo,brBBB,2025-05-09,2025-08-18,--,Negative,2025-05-09,Voke S.A.,https://brazil.ratings.spglobal.com/ratings/pt/regulatory/org-details/sectorCode/CORP/entityId/1000210
2026-06-04,2026-06-04,Escala Nacional Brasil de Longo Prazo,brCCC+,2026-05-27,2026-05-27,--,Watch Dev,2026-05-27,BRB - Banco de Brasilia S.A.,https://brazil.ratings.spglobal.com/ratings/pt/regulatory/org-details/sectorCode/FI/entityId/1000364
2026-06-04,2026-06-04,Escala Nacional Brasil de Curto Prazo,brC,2026-05-27,2026-05-27,--,Watch Dev,2026-05-27,BRB - Banco de Brasilia S.A.,https://brazil.ratings.spglobal.com/ratings/pt/regulatory/org-details/sectorCode/FI/entityId/1000364
2026-06-04,2026-06-04,Escala Nacional Brasil de Longo Prazo,brAA,2024-10-04,2026-05-20,--,Stable,2024-10-04,Dimed S.A. Distribuidora de Medicamentos,https://brazil.ratings.spglobal.com/ratings/pt/regulatory/org-details/sectorCode/CORP/entityId/1001328
2026-06-04,2026-06-04,Escala Nacional Brasil de Longo Prazo,brAAAf,2023-03-29,2025-08-18,--,,,Empirica Soberano - Fundo de Investimento Renda Fixa Referenciado DI,https://brazil.ratings.spglobal.com/ratings/pt/regulatory/org-details/sectorCode/FUNDS/entityId/10000048
2026-06-04,2026-06-04,Escala Nacional Brasil de Longo Prazo,brAAA,2018-07-11,2025-08-18,--,Stable,2018-07-11,Energisa Paraiba-Distribuidora de Energia S.A.,https://brazil.ratings.spglobal.com/ratings/pt/regulatory/org-details/sectorCode/UTIL/entityId/1000708
2026-06-04,2026-06-04,Escala Nacional Brasil de Longo Prazo,brAAA,2018-07-11,2025-08-18,--,Stable,2018-07-11,Energisa S.A.,https://brazil.ratings.spglobal.com/ratings/pt/regulatory/org-details/sectorCode/UTIL/entityId/1000328
2026-06-04,2026-06-04,Escala Nacional Brasil de Longo Prazo,brAAA,2018-07-11,2025-08-18,--,Stable,2018-07-11,Energisa Sergipe-Distribuidora de Energia S.A.,https://brazil.ratings.spglobal.com/ratings/pt/regulatory/org-details/sectorCode/UTIL/entityId/1000311
2026-06-04,2026-06-04,Escala Nacional Brasil de Longo Prazo,brAA+,2019-10-03,2025-11-26,--,Watch Neg,2025-11-26,Gs Inima Industrial S.A.,https://brazil.ratings.spglobal.com/ratings/pt/regulatory/org-details/sectorCode/UTIL/entityId/1000334
2026-06-04,2026-06-04,Escala Nacional Brasil de Longo Prazo,brAAA,2017-08-16,2026-05-29,--,Stable,2018-01-12,Multiplan Empreendimentos Imobiliarios S.A.,https://brazil.ratings.spglobal.com/ratings/pt/regulatory/org-details/sectorCode/CORP/entityId/1001007
2026-06-04,2026-06-04,Escala Nacional Brasil de Longo Prazo,brAA+,2024-04-30,2025-08-18,--,Stable,2025-07-10,SPIC Brasil Energia Participacoes S.A.,https://brazil.ratings.spglobal.com/ratings/pt/regulatory/org-details/sectorCode/UTIL/entityId/1000117
2026-06-04,2026-06-04,Escala Nacional Brasil de Longo Prazo,brAA+,2022-07-13,2025-08-18,--,Negative,2025-06-18,Tereos Acucar & Energia Brasil SA,https://brazil.ratings.spglobal.com/ratings/pt/regulatory/org-details/sectorCode/CORP/entityId/1000165
2026-06-04,2026-06-04,Escala Nacional Brasil de Longo Prazo,brAA+,2021-10-05,2026-02-06,--,Stable,2026-02-06,Tigre S.A. Participacoes,https://brazil.ratings.spglobal.com/ratings/pt/regulatory/org-details/sectorCode/CORP/entityId/1000030
2026-06-04,2026-06-04,Classificação de Práticas de Administração de Recursos de Terceiros,brAMP1,2025-10-28,2026-05-15,--,,,Tivio Capital DTVM S.A.,https://brazil.ratings.spglobal.com/ratings/pt/regulatory/org-details/sectorCode/FI/entityId/1000439
2026-06-04,2026-06-04,Escala Nacional Brasil de Longo Prazo,brAAA,2018-07-11,2025-08-18,--,Stable,2018-07-11,YDUQS Participacoes S.A.,https://brazil.ratings.spglobal.com/ratings/pt/regulatory/org-details/sectorCode/CORP/entityId/1000564
2026-06-04,2026-06-04,Escala Nacional Brasil de Longo Prazo,brAAA,2021-03-16,2026-01-13,--,Stable,2021-03-16,Direcional Engenharia S.A.,https://brazil.ratings.spglobal.com/ratings/pt/regulatory/org-details/sectorCode/CORP/entityId/1000780
2026-06-04,2026-06-04,Escala Nacional Brasil de Longo Prazo,brAAA,2019-04-25,2025-08-18,--,Stable,2019-04-25,Eletrobras-Centrais Eletricas Brasileiras S.A.,https://brazil.ratings.spglobal.com/ratings/pt/regulatory/org-details/sectorCode/UTIL/entityId/1000689
2026-06-04,2026-06-04,Escala Nacional Brasil de Curto Prazo,brA-1+,2017-08-16,2025-08-18,--,,,Eletrobras-Centrais Eletricas Brasileiras S.A.,https://brazil.ratings.spglobal.com/ratings/pt/regulatory/org-details/sectorCode/UTIL/entityId/1000689
2026-06-04,2026-06-04,Escala Nacional Brasil de Longo Prazo,brAA+,2024-11-06,2026-05-29,--,Stable,2024-11-06,Hedge Brasil Shopping Fundo De Investimento Imobiliario De Responsabilidade Limitada,https://brazil.ratings.spglobal.com/ratings/pt/regulatory/org-details/sectorCode/CORP/entityId/1001055
2026-06-04,2026-06-04,Escala Nacional Brasil de Longo Prazo,brAAA,2024-03-04,2025-08-18,--,Stable,2024-03-04,Iochpe-Maxion S.A.,https://brazil.ratings.spglobal.com/ratings/pt/regulatory/org-details/sectorCode/CORP/entityId/1000847
2026-06-04,2026-06-04,Escala Nacional Brasil de Longo Prazo,brAA+,2022-10-17,2025-09-16,--,Negative,2024-10-07,Orizon Valorizacao de Residuos S.A.,https://brazil.ratings.spglobal.com/ratings/pt/regulatory/org-details/sectorCode/UTIL/entityId/1000779
2026-06-04,2026-06-04,Classificação de Práticas de Administração de Recursos de Terceiros,brAMP3,2025-10-28,2026-05-15,--,,,Redwood Administracao de Recursos Ltda.,https://brazil.ratings.spglobal.com/ratings/pt/regulatory/org-details/sectorCode/FI/entityId/1008743
2026-06-04,2026-06-04,Escala Nacional Brasil de Longo Prazo,brAAA,2018-07-11,2025-08-18,--,Stable,2018-07-11,Republica Federativa do Brasil,https://brazil.ratings.spglobal.com/ratings/pt/regulatory/org-details/sectorCode/SOV/entityId/1000872
2026-06-04,2026-06-04,Escala Nacional Brasil de Longo Prazo,brAA-,2025-07-03,2026-01-13,--,Stable,2025-07-03,Trisul S.A.,https://brazil.ratings.spglobal.com/ratings/pt/regulatory/org-details/sectorCode/CORP/entityId/1001498
2026-06-04,2026-06-04,Escala Nacional Brasil de Longo Prazo,brAAA,2018-07-11,2025-08-18,--,Stable,2024-11-22,CESP-Companhia Energetica de Sao Paulo,https://brazil.ratings.spglobal.com/ratings/pt/regulatory/org-details/sectorCode/UTIL/entityId/1000655
2026-06-04,2026-06-04,Escala Nacional Brasil de Longo Prazo,brA-,2026-03-18,2026-03-18,--,Negative,2026-03-18,CSN Mineracao S.A.,https://brazil.ratings.spglobal.com/ratings/pt/regulatory/org-details/sectorCode/CORP/entityId/1000637
2026-06-04,2026-06-04,Escala Nacional Brasil de Longo Prazo,brAA+,2021-01-28,2025-08-18,--,Positive,2024-11-26,Cemig Geracao e Transmissao S.A.,https://brazil.ratings.spglobal.com/ratings/pt/regulatory/org-details/sectorCode/UTIL/entityId/1001078
2026-06-04,2026-06-04,Escala Nacional Brasil de Longo Prazo,brBBB,2026-04-27,2026-04-27,--,Stable,2026-04-27,"DM Sociedade de Credito, Financiamento e Investimento S.A.",https://brazil.ratings.spglobal.com/ratings/pt/regulatory/org-details/sectorCode/FI/entityId/1008530
2026-06-04,2026-06-04,Escala Nacional Brasil de Longo Prazo,brA+,2024-04-26,2026-03-24,--,Watch Pos,2026-03-24,Desktop S.A.,https://brazil.ratings.spglobal.com/ratings/pt/regulatory/org-details/sectorCode/CORP/entityId/1000918
2026-06-04,2026-06-04,Escala Nacional Brasil de Longo Prazo,brAA+,2025-05-15,2025-08-18,--,Stable,2025-05-15,EcoRioMinas Concessionaria de Rodovias S.A.,https://brazil.ratings.spglobal.com/ratings/pt/regulatory/org-details/sectorCode/UTIL/entityId/1000616
2026-06-04,2026-06-04,Escala Nacional Brasil de Longo Prazo,brAAA,2018-07-11,2025-08-18,--,Stable,2019-03-22,Ecorodovias Concessoes e Servicos S.A.,https://brazil.ratings.spglobal.com/ratings/pt/regulatory/org-details/sectorCode/CORP/entityId/1000636
2026-06-04,2026-06-04,Escala Nacional Brasil de Longo Prazo,brAA-,2022-08-15,2025-08-27,--,Positive,2025-08-27,Mills Locacao Servicos e Logistica S.A.,https://brazil.ratings.spglobal.com/ratings/pt/regulatory/org-details/sectorCode/CORP/entityId/1000715
2026-06-04,2026-06-04,Escala Nacional Brasil de Curto Prazo,brA-1+,2022-08-15,2025-08-27,--,,,Mills Locacao Servicos e Logistica S.A.,https://brazil.ratings.spglobal.com/ratings/pt/regulatory/org-details/sectorCode/CORP/entityId/1000715
2026-06-04,2026-06-04,Escala Nacional Brasil de Longo Prazo,brAAA,2022-06-17,2025-08-18,--,Stable,2022-06-17,Neoenergia Distribuicao Brasilia S.A.,https://brazil.ratings.spglobal.com/ratings/pt/regulatory/org-details/sectorCode/UTIL/entityId/1000602
2026-06-04,2026-06-04,Escala Nacional Brasil de Longo Prazo,brAAA,2018-07-11,2025-08-18,--,Stable,2018-07-11,Neoenergia S.A.,https://brazil.ratings.spglobal.com/ratings/pt/regulatory/org-details/sectorCode/UTIL/entityId/1001208
2026-06-04,2026-06-04,Escala Nacional Brasil de Curto Prazo,brA-1+,2017-08-16,2025-08-18,--,,,Neoenergia S.A.,https://brazil.ratings.spglobal.com/ratings/pt/regulatory/org-details/sectorCode/UTIL/entityId/1001208
2026-06-04,2026-06-04,Escala Nacional Brasil de Longo Prazo,brAA,2021-04-09,2025-08-18,--,Stable,2021-04-09,Tecnologia Bancaria S.A.,https://brazil.ratings.spglobal.com/ratings/pt/regulatory/org-details/sectorCode/CORP/entityId/1001542
2026-06-04,2026-06-04,Escala Nacional Brasil de Longo Prazo,brAAA,2011-09-16,2025-08-18,--,Stable,2017-08-16,Telefonica Brasil S.A.,https://brazil.ratings.spglobal.com/ratings/pt/regulatory/org-details/sectorCode/CORP/entityId/1000777
2026-06-04,2026-06-04,Escala Nacional Brasil de Longo Prazo,brAA+,2025-12-10,2025-12-10,--,Stable,2025-12-10,Concessionaria Auto Raposo Tavares S.A.,https://brazil.ratings.spglobal.com/ratings/pt/regulatory/org-details/sectorCode/CORP/entityId/1000772
2026-06-04,2026-06-04,Escala Nacional Brasil de Longo Prazo,brAAA,2018-07-11,2025-08-18,--,Stable,2019-03-22,Concessionaria Ecovias dos Imigrantes S.A.,https://brazil.ratings.spglobal.com/ratings/pt/regulatory/org-details/sectorCode/CORP/entityId/1000539
2026-06-04,2026-06-04,Escala Nacional Brasil de Longo Prazo,brAAA,2026-03-25,2026-03-25,--,Stable,2026-03-25,Concessionaria da Linha 4 do Metro de Sao Paulo S.A.,https://brazil.ratings.spglobal.com/ratings/pt/regulatory/org-details/sectorCode/UTIL/entityId/1008590
2026-06-04,2026-06-04,Escala Nacional Brasil de Longo Prazo,brAA,2021-05-27,2026-05-08,--,Stable,2026-05-08,Concessionaria da Rodovia MG-050 S.A.,https://brazil.ratings.spglobal.com/ratings/pt/regulatory/org-details/sectorCode/CORP/entityId/1000064
2026-06-04,2026-06-04,Escala Nacional Brasil de Longo Prazo,brAA+,2025-08-12,2025-08-18,--,Stable,2025-08-12,Concessionaria de Rodovias Noroeste Paulista S.A.,https://brazil.ratings.spglobal.com/ratings/pt/regulatory/org-details/sectorCode/UTIL/entityId/1004346
2026-06-04,2026-06-04,Escala Nacional Brasil de Longo Prazo,brAAA,2024-05-31,2025-10-06,--,Stable,2024-05-31,Concessionaria de Rodovias do Interior Paulista S.A.,https://brazil.ratings.spglobal.com/ratings/pt/regulatory/org-details/sectorCode/UTIL/entityId/1000229
2026-06-04,2026-06-04,Escala Nacional Brasil de Longo Prazo,brAA-,2026-05-07,2026-05-07,--,Stable,2026-05-07,Construtora Tenda S/A,https://brazil.ratings.spglobal.com/ratings/pt/regulatory/org-details/sectorCode/CORP/entityId/1000268
2026-06-04,2026-06-04,Escala Nacional Brasil de Longo Prazo,brAAA,2020-03-04,2025-08-18,--,Stable,2020-03-04,EBT-Empresa Brasileira de Terminais e Armazens Gerais Ltda.,https://brazil.ratings.spglobal.com/ratings/pt/regulatory/org-details/sectorCode/CORP/entityId/1000658
2026-06-04,2026-06-04,Escala Nacional Brasil de Longo Prazo,brAA,2024-12-30,2025-08-18,--,Stable,2024-12-30,Eletromidia S.A.,https://brazil.ratings.spglobal.com/ratings/pt/regulatory/org-details/sectorCode/CORP/entityId/1001014
2026-06-04,2026-06-04,Escala Nacional Brasil de Longo Prazo,brA+,2024-03-19,2026-04-28,--,Stable,2024-03-19,MRV Engenharia e Participacoes S.A.,https://brazil.ratings.spglobal.com/ratings/pt/regulatory/org-details/sectorCode/CORP/entityId/1001453
2026-06-04,2026-06-04,Escala Nacional Brasil de Longo Prazo,brAA-,2022-11-11,2025-08-18,--,Stable,2022-11-11,Vitru Educacao S.A.,https://brazil.ratings.spglobal.com/ratings/pt/regulatory/org-details/sectorCode/CORP/entityId/1000782
2026-06-04,2026-06-04,Escala Nacional Brasil de Longo Prazo,brAAA,2018-07-11,2025-08-18,--,Stable,2018-07-11,CPFL Energia S.A.,https://brazil.ratings.spglobal.com/ratings/pt/regulatory/org-details/sectorCode/UTIL/entityId/1001207
2026-06-04,2026-06-04,Escala Nacional Brasil de Longo Prazo,brAA-,2024-02-01,2025-08-18,--,Stable,2025-03-18,FS Industria De Biocombustiveis Ltda,https://brazil.ratings.spglobal.com/ratings/pt/regulatory/org-details/sectorCode/CORP/entityId/1001541
2026-06-04,2026-06-04,Escala Nacional Brasil de Longo Prazo,brAAA,2018-07-11,2025-08-18,--,Stable,2018-07-11,Petroleo Brasileiro S.A. - Petrobras,https://brazil.ratings.spglobal.com/ratings/pt/regulatory/org-details/sectorCode/CORP/entityId/1000660
2026-06-04,2026-06-04,Escala Nacional Brasil de Longo Prazo,brAAA,2018-07-11,2025-08-18,--,Stable,2018-07-11,Rede D'Or Sao Luiz S.A.,https://brazil.ratings.spglobal.com/ratings/pt/regulatory/org-details/sectorCode/CORP/entityId/1000330
2026-06-04,2026-06-04,Escala Nacional Brasil de Longo Prazo,brBBB+,2025-04-29,2025-08-18,--,Positive,2025-04-29,Bioenergetica Vale do Paracatu S.A.,https://brazil.ratings.spglobal.com/ratings/pt/regulatory/org-details/sectorCode/CORP/entityId/1001194
2026-06-04,2026-06-04,Escala Nacional Brasil de Longo Prazo,brAA+,2021-07-27,2026-05-29,--,Stable,2021-07-27,LOG Commercial Properties e Participacoes S.A.,https://brazil.ratings.spglobal.com/ratings/pt/regulatory/org-details/sectorCode/CORP/entityId/1000516
2026-06-04,2026-06-04,Escala Nacional Brasil de Longo Prazo,brAAA,2018-07-11,2026-02-02,--,Stable,2018-07-11,MRS Logistica S.A.,https://brazil.ratings.spglobal.com/ratings/pt/regulatory/org-details/sectorCode/CORP/entityId/1001451
2026-06-04,2026-06-04,Escala Nacional Brasil de Longo Prazo,brAAA,2024-07-24,2025-08-18,--,Stable,2024-07-24,"Stone Sociedade de Credito, Financiamento e Investimento S.A.",https://brazil.ratings.spglobal.com/ratings/pt/regulatory/org-details/sectorCode/FI/entityId/1000166
2026-06-04,2026-06-04,Escala Nacional Brasil de Longo Prazo,brAA,2025-02-26,2025-08-18,--,Stable,2025-02-26,Tres Tentos Agroindustrial S.A.,https://brazil.ratings.spglobal.com/ratings/pt/regulatory/org-details/sectorCode/CORP/entityId/1000316
2026-06-04,2026-06-04,Escala Nacional Brasil de Longo Prazo,brAAA,2021-11-17,2026-02-02,--,Stable,2021-11-17,VLI Multimodal S.A.,https://brazil.ratings.spglobal.com/ratings/pt/regulatory/org-details/sectorCode/CORP/entityId/1001077
2026-06-04,2026-06-04,Escala Nacional Brasil de Longo Prazo,brAA-,2022-03-03,2025-08-18,--,Stable,2022-03-03,Vix Logistica S.A.,https://brazil.ratings.spglobal.com/ratings/pt/regulatory/org-details/sectorCode/CORP/entityId/1001153
2026-06-04,2026-06-04,Escala Nacional Brasil de Longo Prazo,brAA,2024-04-29,2025-08-18,--,Stable,2024-04-29,Combio Energia S.A.,https://brazil.ratings.spglobal.com/ratings/pt/regulatory/org-details/sectorCode/UTIL/entityId/1000880
2026-06-04,2026-06-04,Escala Nacional Brasil de Longo Prazo,brAAA,2023-03-02,2025-08-18,--,Stable,2023-03-02,Concessionária das Rodovias Ayrton Senna e Carvalho Pinto S.A.,https://brazil.ratings.spglobal.com/ratings/pt/regulatory/org-details/sectorCode/UTIL/entityId/1001291
2026-06-04,2026-06-04,Escala Nacional Brasil de Longo Prazo,brA+,2024-11-25,2026-01-13,--,Stable,2024-11-25,Bivi Holding S.A.,https://brazil.ratings.spglobal.com/ratings/pt/regulatory/org-details/sectorCode/CORP/entityId/1001518
2026-06-04,2026-06-04,Escala Nacional Brasil de Longo Prazo,brAAA,2024-03-28,2026-01-13,--,Stable,2024-03-28,Cury Construtora e Incorporadora S.A.,https://brazil.ratings.spglobal.com/ratings/pt/regulatory/org-details/sectorCode/CORP/entityId/1000951
2026-06-04,2026-06-04,Escala Nacional Brasil de Longo Prazo,brAAA,2018-07-11,2025-08-18,--,Stable,2018-07-11,Elektro Redes S.A.,https://brazil.ratings.spglobal.com/ratings/pt/regulatory/org-details/sectorCode/UTIL/entityId/1000633
2026-06-04,2026-06-04,Escala Nacional Brasil de Longo Prazo,brAA+,2021-07-06,2026-01-13,--,Negative,2024-09-16,Even Construtora e Incorporadora S.A.,https://brazil.ratings.spglobal.com/ratings/pt/regulatory/org-details/sectorCode/CORP/entityId/1000453
2026-06-04,2026-06-04,Escala Nacional Brasil de Longo Prazo,brAAA,2018-07-11,2025-08-18,--,Stable,2018-07-11,Junto Seguros S.A.,https://brazil.ratings.spglobal.com/ratings/pt/regulatory/org-details/sectorCode/INS/entityId/1001443
2026-06-04,2026-06-04,Escala Nacional Brasil de Longo Prazo,brAA,2022-05-25,2025-10-27,--,Stable,2022-05-25,Solvi Essencis Ambiental S.A.,https://brazil.ratings.spglobal.com/ratings/pt/regulatory/org-details/sectorCode/UTIL/entityId/1000232
2026-06-04,2026-06-04,Escala Nacional Brasil de Longo Prazo,brAAA,2021-06-08,2025-08-18,--,Stable,2021-06-08,Stone Instituicao de Pagamento S.A.,https://brazil.ratings.spglobal.com/ratings/pt/regulatory/org-details/sectorCode/FI/entityId/1000917
2026-06-04,2026-06-04,Escala Nacional Brasil de Longo Prazo,brAA+,2021-01-28,2025-08-18,--,Positive,2024-11-26,Cemig Distribuicao S.A.,https://brazil.ratings.spglobal.com/ratings/pt/regulatory/org-details/sectorCode/UTIL/entityId/1000303
2026-06-04,2026-06-04,Escala Nacional Brasil de Longo Prazo,brAA+,2025-08-29,2025-08-29,--,Stable,2025-08-29,Eco050 Concessionaria de Rodovias S.A.,https://brazil.ratings.spglobal.com/ratings/pt/regulatory/org-details/sectorCode/UTIL/entityId/1003779
2026-06-04,2026-06-04,Escala Nacional Brasil de Longo Prazo,D,2025-05-19,2025-08-18,--,NM,2025-05-19,Investimentos e Participacoes em Infraestrutura S.A. - Invepar,https://brazil.ratings.spglobal.com/ratings/pt/regulatory/org-details/sectorCode/CORP/entityId/1000538
2026-06-04,2026-06-04,Escala Nacional Brasil de Longo Prazo,brAAA,2018-07-11,2025-08-18,--,Stable,2018-07-11,Junto Resseguros S.A.,https://brazil.ratings.spglobal.com/ratings/pt/regulatory/org-details/sectorCode/INS/entityId/1001080
2026-06-04,2026-06-04,Escala Nacional Brasil de Longo Prazo,brA,2022-02-10,2025-08-18,--,Stable,2022-02-10,Positivo Tecnologia S.A.,https://brazil.ratings.spglobal.com/ratings/pt/regulatory/org-details/sectorCode/CORP/entityId/1000694
2026-06-04,2026-06-04,Escala Nacional Brasil de Longo Prazo,brAAA,2022-06-21,2026-04-16,--,Stable,2022-06-21,XP Investimentos S.A.,https://brazil.ratings.spglobal.com/ratings/pt/regulatory/org-details/sectorCode/FI/entityId/1000167
2026-06-04,2026-06-04,Escala Nacional Brasil de Longo Prazo,brAA,2026-02-04,2026-02-04,--,Stable,2026-02-04,Unifique Telecomunicacoes S.A.,https://brazil.ratings.spglobal.com/ratings/pt/regulatory/org-details/sectorCode/CORP/entityId/1000603
2026-06-04,2026-06-04,Escala Nacional Brasil de Longo Prazo,D,2023-04-12,2025-08-18,--,NM,2023-04-12,Light Servicos de Eletricidade S.A.,https://brazil.ratings.spglobal.com/ratings/pt/regulatory/org-details/sectorCode/UTIL/entityId/1001431
2026-06-04,2026-06-04,Escala Nacional Brasil de Curto Prazo,D,2023-04-12,2025-08-18,--,NM,2023-04-12,Light Servicos de Eletricidade S.A.,https://brazil.ratings.spglobal.com/ratings/pt/regulatory/org-details/sectorCode/UTIL/entityId/1001431
2026-06-04,2026-06-04,Escala Nacional Brasil de Longo Prazo,brBBB+,2026-04-16,2026-04-16,--,Stable,2026-04-16,BRZ Empreendimentos e Construcoes S.A.,https://brazil.ratings.spglobal.com/ratings/pt/regulatory/org-details/sectorCode/CORP/entityId/1001327
2026-06-04,2026-06-04,Escala Nacional Brasil de Curto Prazo,brA-2,2022-12-13,2026-04-16,--,,,BRZ Empreendimentos e Construcoes S.A.,https://brazil.ratings.spglobal.com/ratings/pt/regulatory/org-details/sectorCode/CORP/entityId/1001327
2026-06-04,2026-06-04,Escala Nacional Brasil de Longo Prazo,brAAA,2023-01-19,2025-08-18,--,Stable,2023-01-19,Niteroi (City of),https://brazil.ratings.spglobal.com/ratings/pt/regulatory/org-details/sectorCode/GOVS/entityId/1000181
2026-06-04,2026-06-04,Escala Nacional Brasil de Longo Prazo,brA+,2023-03-20,2025-08-18,--,Stable,2023-03-20,Vero,https://brazil.ratings.spglobal.com/ratings/pt/regulatory/org-details/sectorCode/CORP/entityId/1000750
